id,Hardness
10407,3.105
10408,3.112
10409,5.957
10410,4.625
10411,4.875
10412,4.488
10413,3.768
10414,5.309
10415,3.673
10416,5.073
10417,4.037
10418,4.474
10419,6.26
10420,4.525
10421,5.813
10422,5.47
10423,4.264
10424,4.441
10425,5.479
10426,2.575
10427,3.347
10428,4.643
10429,5.656
10430,3.09
10431,4.705
10432,5.958
10433,5.695
10434,5.158
10435,5.955
10436,5.661
10437,5.921
10438,6.182
10439,6.345
10440,4.049
10441,2.926
10442,4.169
10443,2.547
10444,3.73
10445,5.412
10446,3.722
10447,5.446
10448,5.714
10449,5.204
10450,6.047
10451,5.268
10452,3.81
10453,5.807
10454,4.49
10455,2.894
10456,2.814
10457,2.799
10458,8.215
10459,5.207
10460,3.718
10461,5.901
10462,5.001
10463,5.795
10464,5.565
10465,2.728
10466,5.734
10467,5.63
10468,3.349
10469,5.137
10470,5.454
10471,5.533
10472,2.63
10473,6.113
10474,3.497
10475,5.719
10476,3.73
10477,5.873
10478,4.329
10479,4.474
10480,3.853
10481,4.414
10482,5.639
10483,5.888
10484,2.431
10485,4.437
10486,2.786
10487,2.852
10488,5.863
10489,4.078
10490,3.963
10491,5.87
10492,6.036
10493,3.014
10494,3.891
10495,3.343
10496,3.621
10497,5.301
10498,5.911
10499,6.205
10500,3.946
10501,3.163
10502,7.921
10503,5.914
10504,5.661
10505,2.674
10506,3.439
10507,5.741
10508,3.1
10509,2.851
10510,4.645
10511,2.626
10512,5.52
10513,5.437
10514,3.891
10515,2.631
10516,4.138
10517,5.423
10518,4.339
10519,5.834
10520,5.659
10521,4.278
10522,5.22
10523,4.841
10524,2.91
10525,3.668
10526,2.797
10527,5.645
10528,5.847
10529,5.168
10530,2.644
10531,5.098
10532,4.979
10533,5.903
10534,6.962
10535,5.569
10536,4.84
10537,4.552
10538,5.797
10539,5.536
10540,2.909
10541,2.72
10542,4.075
10543,5.518
10544,4.593
10545,4.297
10546,5.634
10547,5.713
10548,5.391
10549,4.747
10550,5.338
10551,4.744
10552,5.508
10553,5.396
10554,3.813
10555,2.887
10556,5.575
10557,6.18
10558,5.789
10559,3.78
10560,2.705
10561,4.706
10562,5.746
10563,4.559
10564,2.675
10565,3.161
10566,3.54
10567,4.049
10568,3.856
10569,5.347
10570,5.434
10571,5.88
10572,5.889
10573,5.265
10574,2.828
10575,3.796
10576,2.439
10577,2.157
10578,4.778
10579,6.084
10580,3.363
10581,6.157
10582,3.56
10583,3.535
10584,4.986
10585,3.022
10586,2.576
10587,5.392
10588,3.209
10589,5.853
10590,3.32
10591,5.96
10592,2.899
10593,5.617
10594,6.097
10595,5.373
10596,4.883
10597,6.134
10598,5.199
10599,5.738
10600,2.935
10601,5.666
10602,4.466
10603,5.54
10604,5.832
10605,2.015
10606,3.105
10607,5.938
10608,5.648
10609,8.855
10610,5.984
10611,5.173
10612,5.708
10613,5.879
10614,5.903
10615,5.687
10616,6.315
10617,5.481
10618,2.729
10619,5.855
10620,5.538
10621,4.195
10622,3.932
10623,5.998
10624,5.745
10625,5.774
10626,3.938
10627,5.71
10628,6.026
10629,5.563
10630,2.761
10631,4.541
10632,3.419
10633,2.802
10634,3.109
10635,3.977
10636,5.059
10637,6.154
10638,2.699
10639,5.925
10640,5.882
10641,4.131
10642,2.823
10643,2.125
10644,3.855
10645,5.927
10646,2.315
10647,5.981
10648,5.824
10649,5.866
10650,3.522
10651,5.521
10652,5.762
10653,5.766
10654,3.977
10655,3.816
10656,5.635
10657,4.567
10658,6.399
10659,5.564
10660,3.517
10661,4.432
10662,4.451
10663,6.189
10664,3.445
10665,5.878
10666,4.524
10667,5.567
10668,5.907
10669,4.293
10670,2.875
10671,3.544
10672,3.023
10673,3.68
10674,2.732
10675,4.51
10676,2.627
10677,2.991
10678,4.047
10679,2.549
10680,5.947
10681,4.119
10682,4.574
10683,4.543
10684,2.725
10685,4.938
10686,3.622
10687,5.717
10688,5.902
10689,4.901
10690,4.593
10691,5.802
10692,4.945
10693,5.543
10694,5.746
10695,3.75
10696,5.812
10697,5.47
10698,3.591
10699,2.431
10700,3.545
10701,5.656
10702,5.195
10703,4.944
10704,3.766
10705,5.656
10706,5.832
10707,6.52
10708,3.438
10709,3.186
10710,5.178
10711,4.674
10712,5.822
10713,2.592
10714,2.753
10715,6.009
10716,5.375
10717,6.266
10718,5.369
10719,5.835
10720,6.063
10721,4.843
10722,2.877
10723,4.785
10724,5.404
10725,2.21
10726,3.397
10727,2.361
10728,3.597
10729,5.451
10730,5.674
10731,5.66
10732,3.172
10733,2.754
10734,5.565
10735,6.028
10736,5.627
10737,5.015
10738,5.592
10739,3.817
10740,2.798
10741,5.827
10742,3.261
10743,4.329
10744,3.121
10745,5.428
10746,4.082
10747,2.549
10748,6.434
10749,4.449
10750,4.598
10751,5.861
10752,3.972
10753,3.721
10754,5.796
10755,5.724
10756,3.854
10757,3.973
10758,3.647
10759,2.746
10760,5.876
10761,6.171
10762,5.845
10763,5.671
10764,4.918
10765,5.288
10766,6.107
10767,4.674
10768,5.846
10769,5.912
10770,5.811
10771,2.89
10772,6.032
10773,2.967
10774,5.132
10775,5.623
10776,4.727
10777,2.21
10778,6.043
10779,5.562
10780,3.42
10781,4.71
10782,5.964
10783,3.704
10784,5.893
10785,5.841
10786,4.559
10787,6.431
10788,5.8
10789,5.572
10790,3.436
10791,4.029
10792,5.904
10793,5.058
10794,4.657
10795,5.776
10796,4.072
10797,5.79
10798,5.695
10799,5.897
10800,3.152
10801,5.848
10802,5.319
10803,4.162
10804,5.902
10805,5.565
10806,5.981
10807,5.727
10808,3.835
10809,2.846
10810,3.575
10811,4.351
10812,4.409
10813,4.964
10814,6.125
10815,2.861
10816,4.95
10817,5.468
10818,4.243
10819,5.665
10820,5.829
10821,2.534
10822,3.076
10823,5.665
10824,5.314
10825,6.027
10826,3.695
10827,5.725
10828,2.606
10829,5.846
10830,5.878
10831,5.389
10832,5.946
10833,6.124
10834,5.268
10835,5.231
10836,4.102
10837,4.799
10838,3.788
10839,2.734
10840,5.783
10841,5.805
10842,6.286
10843,4.682
10844,3.356
10845,4.162
10846,5.513
10847,5.804
10848,3.39
10849,6.021
10850,5.94
10851,2.478
10852,4.935
10853,4.802
10854,5.628
10855,4.935
10856,4.862
10857,5.739
10858,5.839
10859,4.811
10860,6.176
10861,5.902
10862,5.906
10863,5.035
10864,5.861
10865,5.62
10866,4.529
10867,2.21
10868,4.639
10869,4.248
10870,6.028
10871,6.114
10872,3.863
10873,3.713
10874,5.935
10875,6.15
10876,6.126
10877,5.701
10878,5.938
10879,5.88
10880,3.455
10881,6.665
10882,3.981
10883,3.447
10884,4.104
10885,5.222
10886,3.143
10887,4.775
10888,5.148
10889,5.409
10890,5.187
10891,3.522
10892,5.229
10893,2.531
10894,5.582
10895,5.585
10896,2.811
10897,5.962
10898,5.964
10899,3.49
10900,3.807
10901,5.67
10902,4.164
10903,3.649
10904,5.699
10905,5.219
10906,3.133
10907,4.302
10908,5.789
10909,2.8
10910,5.655
10911,6.123
10912,6.297
10913,4.942
10914,4.372
10915,3.569
10916,4.83
10917,5.938
10918,5.927
10919,5.182
10920,5.681
10921,5.231
10922,2.872
10923,4.276
10924,4.22
10925,5.904
10926,5.507
10927,4.469
10928,2.997
10929,4.29
10930,5.014
10931,3.071
10932,5.459
10933,5.831
10934,5.372
10935,5.642
10936,3.252
10937,5.623
10938,3.925
10939,5.667
10940,6.065
10941,2.827
10942,5.639
10943,5.678
10944,3.897
10945,5.899
10946,5.864
10947,4.398
10948,4.607
10949,2.862
10950,3.356
10951,5.549
10952,5.511
10953,3.929
10954,5.1
10955,4.187
10956,5.617
10957,5.673
10958,5.934
10959,5.492
10960,3.124
10961,5.275
10962,3.505
10963,3.559
10964,5.422
10965,4.695
10966,3.424
10967,4.962
10968,5.541
10969,3.51
10970,4.271
10971,5.76
10972,2.551
10973,4.085
10974,4.839
10975,2.503
10976,4.942
10977,5.879
10978,5.02
10979,3.157
10980,5.926
10981,5.278
10982,5.843
10983,3.755
10984,5.997
10985,3.677
10986,5.81
10987,5.428
10988,5.275
10989,3.793
10990,2.616
10991,3.474
10992,5.321
10993,3.276
10994,3.494
10995,2.888
10996,6.418
10997,5.451
10998,4.513
10999,3.729
11000,6.302
11001,5.845
11002,2.513
11003,5.465
11004,5.399
11005,4.501
11006,5.187
11007,5.679
11008,5.238
11009,4.283
11010,5.803
11011,5.373
11012,6.061
11013,5.662
11014,5.311
11015,5.528
11016,5.768
11017,4.54
11018,3.357
11019,3.619
11020,5.947
11021,4.512
11022,6.808
11023,5.555
11024,5.482
11025,3.936
11026,2.25
11027,3.678
11028,5.477
11029,2.55
11030,2.594
11031,5.479
11032,3.59
11033,4.716
11034,3.02
11035,5.909
11036,5.621
11037,5.752
11038,5.515
11039,6.047
11040,6.001
11041,5.481
11042,3.07
11043,3.041
11044,4.22
11045,6.1
11046,2.545
11047,2.551
11048,5.185
11049,5.629
11050,3.745
11051,5.754
11052,2.618
11053,5.74
11054,5.273
11055,5.814
11056,5.707
11057,5.07
11058,6.334
11059,5.939
11060,3.265
11061,5.2
11062,4.303
11063,6.115
11064,3.476
11065,6.134
11066,4.621
11067,3.36
11068,4.519
11069,4.702
11070,5.404
11071,5.935
11072,3.462
11073,4.885
11074,5.524
11075,2.955
11076,3.356
11077,3.39
11078,4.441
11079,5.873
11080,3.245
11081,5.62
11082,4.806
11083,5.535
11084,5.664
11085,5.71
11086,2.361
11087,5.898
11088,2.753
11089,5.162
11090,5.84
11091,2.648
11092,3.649
11093,5.849
11094,4.885
11095,3.857
11096,5.788
11097,2.798
11098,5.258
11099,5.919
11100,5.847
11101,5.776
11102,5.945
11103,3.918
11104,5.964
11105,5.465
11106,5.262
11107,3.789
11108,5.443
11109,5.979
11110,5.949
11111,3.455
11112,5.335
11113,5.177
11114,2.923
11115,5.672
11116,4.679
11117,5.864
11118,5.798
11119,6.124
11120,4.725
11121,5.429
11122,5.536
11123,3.565
11124,5.276
11125,5.326
11126,3.194
11127,5.719
11128,6.183
11129,5.949
11130,4.641
11131,3.338
11132,2.968
11133,3.896
11134,6.067
11135,5.534
11136,5.047
11137,6.111
11138,5.779
11139,5.616
11140,5.279
11141,5.533
11142,6.214
11143,5.547
11144,2.774
11145,5.288
11146,5.628
11147,5.91
11148,3.342
11149,5.469
11150,5.618
11151,5.046
11152,3.177
11153,4.17
11154,4.102
11155,5.647
11156,4.059
11157,3.734
11158,3.989
11159,5.741
11160,3.665
11161,5.731
11162,6.023
11163,5.998
11164,6.032
11165,3.166
11166,3.866
11167,4.74
11168,5.35
11169,4.672
11170,3.899
11171,5.541
11172,5.115
11173,5.102
11174,6.034
11175,4.844
11176,5.827
11177,6.041
11178,2.524
11179,4.318
11180,5.964
11181,5.901
11182,4.842
11183,5.044
11184,6.028
11185,5.101
11186,5.269
11187,3.653
11188,5.63
11189,3.544
11190,5.312
11191,4.647
11192,3.775
11193,5.983
11194,3.838
11195,3.963
11196,5.676
11197,5.305
11198,3.928
11199,3.877
11200,5.286
11201,2.952
11202,5.419
11203,3.121
11204,4.617
11205,6.028
11206,4.739
11207,5.659
11208,5.352
11209,5.94
11210,5.551
11211,5.479
11212,2.103
11213,2.988
11214,3.899
11215,5.879
11216,5.115
11217,5.976
11218,5.619
11219,2.946
11220,2.94
11221,4.018
11222,5.82
11223,2.939
11224,3.39
11225,5.804
11226,5.998
11227,5.188
11228,5.67
11229,3.979
11230,5.848
11231,5.904
11232,2.591
11233,3.928
11234,3.376
11235,3.631
11236,5.993
11237,5.443
11238,2.953
11239,5.845
11240,5.903
11241,5.286
11242,4.228
11243,5.908
11244,5.866
11245,2.736
11246,5.081
11247,2.999
11248,4.981
11249,2.861
11250,4.7
11251,5.226
11252,5.72
11253,6.279
11254,6.061
11255,5.71
11256,6.035
11257,5.7
11258,2.698
11259,6.079
11260,3.532
11261,5.586
11262,4.581
11263,4.003
11264,3.566
11265,5.557
11266,5.587
11267,3.119
11268,2.077
11269,4.575
11270,4.934
11271,5.579
11272,3.571
11273,2.744
11274,3.868
11275,5.897
11276,3.953
11277,3.033
11278,2.759
11279,6.081
11280,3.533
11281,6.092
11282,5.901
11283,4.792
11284,4.856
11285,4.82
11286,5.59
11287,5.885
11288,5.941
11289,2.961
11290,6.336
11291,3.635
11292,4.183
11293,5.028
11294,5.2
11295,6.043
11296,5.976
11297,4.486
11298,5.81
11299,3.868
11300,2.525
11301,4.394
11302,5.781
11303,4.896
11304,5.846
11305,5.676
11306,5.781
11307,5.865
11308,5.943
11309,2.916
11310,5.917
11311,5.219
11312,3.161
11313,5.465
11314,5.358
11315,6.047
11316,2.894
11317,5.642
11318,4.285
11319,2.644
11320,6.042
11321,5.73
11322,5.674
11323,3.699
11324,2.649
11325,5.05
11326,5.904
11327,3.839
11328,5.519
11329,2.566
11330,5.996
11331,5.459
11332,5.701
11333,5.304
11334,5.796
11335,4.19
11336,4.29
11337,4.54
11338,3.74
11339,5.639
11340,5.579
11341,6.34
11342,5.994
11343,4.28
11344,6.008
11345,5.82
11346,5.935
11347,5.586
11348,4.358
11349,4.268
11350,5.751
11351,5.382
11352,3.488
11353,2.551
11354,2.518
11355,3.24
11356,4.753
11357,4.817
11358,5.737
11359,5.616
11360,2.833
11361,5.94
11362,4.992
11363,5.065
11364,2.579
11365,2.802
11366,6.34
11367,2.358
11368,2.713
11369,5.136
11370,2.604
11371,2.737
11372,5.99
11373,4.327
11374,5.72
11375,2.895
11376,5.939
11377,6.368
11378,5.209
11379,4.654
11380,4.281
11381,4.035
11382,3.351
11383,2.693
11384,3.033
11385,5.106
11386,5.234
11387,4.106
11388,5.67
11389,5.617
11390,3.744
11391,4.256
11392,4.816
11393,5.812
11394,4.885
11395,5.612
11396,3.751
11397,5.893
11398,5.387
11399,5.977
11400,5.966
11401,4.96
11402,4.658
11403,5.615
11404,5.203
11405,3.796
11406,5.162
11407,5.892
11408,5.539
11409,2.77
11410,3.461
11411,2.689
11412,5.119
11413,3.621
11414,5.847
11415,5.262
11416,5.572
11417,5.503
11418,5.964
11419,4.514
11420,6.189
11421,5.956
11422,5.428
11423,4.968
11424,3.642
11425,3.018
11426,5.437
11427,4.096
11428,2.627
11429,4.781
11430,5.782
11431,3.236
11432,5.605
11433,3.962
11434,2.437
11435,5.428
11436,3.004
11437,5.651
11438,4.47
11439,5.221
11440,3.135
11441,2.595
11442,3.475
11443,2.593
11444,4.426
11445,4.761
11446,4.984
11447,4.326
11448,5.161
11449,5.174
11450,5.031
11451,3.523
11452,4.485
11453,4.863
11454,5.027
11455,5.934
11456,3.327
11457,4.373
11458,4.769
11459,2.398
11460,4.426
11461,3.259
11462,5.878
11463,4.792
11464,5.622
11465,5.956
11466,5.407
11467,5.241
11468,4.408
11469,6.037
11470,5.336
11471,3.743
11472,3.574
11473,5.239
11474,5.962
11475,3.977
11476,4.621
11477,5.079
11478,5.676
11479,5.578
11480,5.505
11481,5.765
11482,3.765
11483,5.627
11484,3.796
11485,2.384
11486,5.794
11487,5.234
11488,6.234
11489,3.038
11490,4.408
11491,4.672
11492,2.871
11493,3.314
11494,5.031
11495,6.516
11496,3.374
11497,6.5
11498,3.972
11499,2.753
11500,5.434
11501,5.053
11502,4.202
11503,5.547
11504,5.97
11505,3.584
11506,6.004
11507,5.965
11508,5.871
11509,6.029
11510,5.955
11511,5.116
11512,2.746
11513,2.62
11514,5.938
11515,5.933
11516,2.888
11517,2.665
11518,4.932
11519,5.858
11520,6.065
11521,2.727
11522,5.659
11523,5.832
11524,5.909
11525,5.961
11526,5.118
11527,5.971
11528,5.828
11529,5.86
11530,4.413
11531,4.877
11532,4.702
11533,4.88
11534,5.732
11535,3.228
11536,4.673
11537,5.16
11538,5.843
11539,5.526
11540,4.19
11541,4.177
11542,4.655
11543,5.651
11544,4.666
11545,5.911
11546,5.967
11547,4.736
11548,5.718
11549,3.751
11550,6.083
11551,2.563
11552,5.951
11553,5.885
11554,4.684
11555,4.454
11556,5.176
11557,3.752
11558,5.91
11559,5.906
11560,5.379
11561,6.546
11562,5.632
11563,5.355
11564,5.157
11565,5.336
11566,5.992
11567,5.462
11568,5.925
11569,5.822
11570,5.377
11571,4.211
11572,4.244
11573,6.062
11574,4.207
11575,4.766
11576,4.111
11577,5.646
11578,4.699
11579,3.761
11580,2.96
11581,3.766
11582,4.847
11583,3.497
11584,5.827
11585,2.734
11586,5.853
11587,4.326
11588,2.665
11589,5.892
11590,5.413
11591,4.907
11592,5.534
11593,4.669
11594,6.556
11595,5.893
11596,4.801
11597,5.854
11598,5.605
11599,2.626
11600,3.677
11601,4.225
11602,4.168
11603,4.171
11604,2.649
11605,4.518
11606,5.366
11607,6.036
11608,5.866
11609,2.877
11610,5.036
11611,5.658
11612,5.636
11613,5.604
11614,4.871
11615,5.576
11616,3.522
11617,5.737
11618,3.435
11619,5.792
11620,5.55
11621,5.849
11622,5.935
11623,5.952
11624,5.946
11625,4.262
11626,5.584
11627,3.543
11628,3.792
11629,5.673
11630,3.483
11631,3.855
11632,2.684
11633,5.728
11634,5.934
11635,4.814
11636,5.917
11637,6.023
11638,4.528
11639,3.315
11640,3.473
11641,5.582
11642,5.684
11643,3.02
11644,3.264
11645,3.447
11646,5.711
11647,4.174
11648,5.547
11649,4.947
11650,6.002
11651,4.315
11652,5.737
11653,5.735
11654,4.62
11655,3.391
11656,2.751
11657,6.044
11658,6.032
11659,5.361
11660,5.879
11661,5.146
11662,4.79
11663,5.994
11664,2.65
11665,2.961
11666,5.282
11667,3.962
11668,3.595
11669,4.382
11670,5.832
11671,5.889
11672,3.67
11673,5.929
11674,3.982
11675,5.847
11676,3.324
11677,5.188
11678,5.767
11679,4.364
11680,5.894
11681,4.867
11682,4.518
11683,5.051
11684,4.199
11685,3.178
11686,4.122
11687,6.034
11688,3.964
11689,2.821
11690,5.771
11691,2.78
11692,2.749
11693,2.662
11694,6.132
11695,4.724
11696,5.597
11697,3.407
11698,3.576
11699,2.741
11700,5.877
11701,5.453
11702,6.13
11703,5.304
11704,4.646
11705,4.066
11706,5.693
11707,5.646
11708,6.084
11709,2.831
11710,6.624
11711,5.009
11712,5.589
11713,2.508
11714,5.176
11715,5.486
11716,4.592
11717,5.513
11718,2.926
11719,4.012
11720,5.876
11721,8.071
11722,5.979
11723,5.748
11724,5.302
11725,5.274
11726,5.26
11727,5.644
11728,5.498
11729,6.04
11730,4.153
11731,3.604
11732,4.912
11733,4.664
11734,3.466
11735,5.969
11736,4.29
11737,5.872
11738,4.468
11739,4.212
11740,3.06
11741,5.208
11742,4.573
11743,5.597
11744,3.083
11745,2.957
11746,5.593
11747,5.559
11748,5.431
11749,5.106
11750,2.816
11751,4.078
11752,5.515
11753,4.864
11754,5.701
11755,3.808
11756,3.466
11757,5.879
11758,5.951
11759,5.699
11760,5.733
11761,5.78
11762,3.727
11763,6.297
11764,5.655
11765,5.754
11766,4.645
11767,4.188
11768,4.26
11769,3.601
11770,6.308
11771,5.744
11772,5.933
11773,5.618
11774,4.46
11775,5.459
11776,4.669
11777,4.71
11778,4.408
11779,5.52
11780,4.914
11781,2.599
11782,6.089
11783,5.926
11784,5.613
11785,5.592
11786,5.331
11787,4.975
11788,2.802
11789,4.969
11790,5.614
11791,5.846
11792,3.742
11793,2.847
11794,5.685
11795,4.949
11796,5.676
11797,5.297
11798,5.693
11799,6.003
11800,5.517
11801,6.063
11802,5.447
11803,3.822
11804,5.771
11805,5.543
11806,3.475
11807,4.809
11808,6.036
11809,5.89
11810,4.955
11811,3.44
11812,5.093
11813,5.674
11814,2.834
11815,4.55
11816,3.5
11817,5.956
11818,5.799
11819,5.717
11820,5.269
11821,5.79
11822,4.334
11823,3.595
11824,6.004
11825,4.978
11826,5.794
11827,2.732
11828,5.195
11829,3.718
11830,3.766
11831,4.72
11832,2.653
11833,4.214
11834,5.449
11835,2.657
11836,5.324
11837,5.821
11838,5.541
11839,4.275
11840,5.938
11841,3.352
11842,4.808
11843,3.4
11844,6.175
11845,4.074
11846,5.464
11847,3.06
11848,5.495
11849,4.394
11850,5.066
11851,6.017
11852,5.386
11853,4.349
11854,5.93
11855,5.259
11856,3.796
11857,2.895
11858,6.115
11859,4.214
11860,4.215
11861,5.546
11862,4.699
11863,2.61
11864,2.811
11865,5.596
11866,2.744
11867,5.61
11868,5.8
11869,4.407
11870,5.98
11871,5.424
11872,5.094
11873,5.94
11874,4.368
11875,5.935
11876,2.078
11877,5.635
11878,4.205
11879,5.641
11880,4.744
11881,5.769
11882,4.833
11883,5.854
11884,2.749
11885,3.08
11886,6.364
11887,4.342
11888,3.094
11889,5.561
11890,6.245
11891,6.589
11892,3.11
11893,5.432
11894,5.457
11895,5.393
11896,5.541
11897,6.015
11898,5.4
11899,3.01
11900,5.453
11901,4.612
11902,2.755
11903,5.638
11904,3.119
11905,6.52
11906,5.218
11907,5.916
11908,6.076
11909,5.711
11910,5.927
11911,2.741
11912,5.539
11913,3.278
11914,5.527
11915,4.224
11916,5.93
11917,5.033
11918,3.157
11919,4.784
11920,2.979
11921,5.749
11922,3.641
11923,2.799
11924,4.55
11925,5.181
11926,6.26
11927,3.147
11928,5.405
11929,2.752
11930,4.415
11931,4.797
11932,3.078
11933,5.422
11934,5.978
11935,3.342
11936,4.172
11937,2.8
11938,5.865
11939,5.293
11940,5.468
11941,6.015
11942,5.153
11943,3.162
11944,3.531
11945,3.763
11946,5.278
11947,5.41
11948,5.506
11949,3.931
11950,4.993
11951,3.793
11952,6.032
11953,5.843
11954,4.649
11955,4.172
11956,5.575
11957,6.069
11958,5.244
11959,2.834
11960,6.303
11961,3.479
11962,5.024
11963,2.971
11964,2.837
11965,3.12
11966,4.373
11967,5.596
11968,5.094
11969,5.113
11970,3.896
11971,4.391
11972,5.186
11973,5.683
11974,3.971
11975,5.259
11976,3.108
11977,3.666
11978,3.658
11979,2.304
11980,5.991
11981,5.934
11982,5.905
11983,5.097
11984,6.013
11985,5.587
11986,4.087
11987,5.902
11988,5.831
11989,3.993
11990,2.751
11991,3.098
11992,4.782
11993,6.09
11994,3.835
11995,4.1
11996,5.707
11997,4.521
11998,5.407
11999,3.963
12000,4.732
12001,4.127
12002,3.167
12003,6.42
12004,4.482
12005,5.694
12006,5.83
12007,6.003
12008,4.982
12009,2.665
12010,3.91
12011,5.416
12012,2.491
12013,2.651
12014,2.942
12015,5.61
12016,5.891
12017,3.103
12018,5.239
12019,5.517
12020,5.453
12021,5.268
12022,2.754
12023,5.908
12024,4.184
12025,5.503
12026,4.717
12027,5.925
12028,5.922
12029,2.859
12030,5.567
12031,5.678
12032,2.893
12033,4.804
12034,5.613
12035,5.704
12036,3.74
12037,4.429
12038,3.469
12039,4.923
12040,5.492
12041,6.066
12042,3.87
12043,5.953
12044,5.522
12045,2.376
12046,5.52
12047,3.446
12048,5.831
12049,4.168
12050,3.691
12051,5.751
12052,2.846
12053,5.755
12054,5.305
12055,5.61
12056,5.512
12057,4.044
12058,6.317
12059,5.94
12060,5.301
12061,3.775
12062,3.936
12063,5.897
12064,3.845
12065,3.467
12066,3.112
12067,4.772
12068,6.376
12069,3.916
12070,4.71
12071,4.043
12072,4.96
12073,6.381
12074,5.709
12075,5.987
12076,5.45
12077,6.022
12078,6.098
12079,5.099
12080,4.647
12081,5.629
12082,5.202
12083,3.654
12084,5.676
12085,4.131
12086,5.173
12087,3.934
12088,3.696
12089,2.635
12090,5.791
12091,4.164
12092,6.064
12093,3.339
12094,3.475
12095,3.339
12096,4.056
12097,2.641
12098,2.727
12099,2.724
12100,5.965
12101,3.427
12102,5.337
12103,2.939
12104,4.059
12105,3.711
12106,3.78
12107,5.688
12108,3.521
12109,4.411
12110,3.625
12111,3.598
12112,2.546
12113,5.544
12114,3.978
12115,4.823
12116,5.798
12117,3.094
12118,5.975
12119,5.569
12120,4.398
12121,5.89
12122,5.828
12123,2.444
12124,5.037
12125,5.918
12126,6.03
12127,5.84
12128,4.682
12129,6.053
12130,2.738
12131,4.228
12132,5.838
12133,5.398
12134,4.829
12135,4.629
12136,6.124
12137,5.412
12138,4.62
12139,3.489
12140,5.122
12141,5.656
12142,4.358
12143,3.853
12144,5.463
12145,5.622
12146,2.649
12147,4.685
12148,3.177
12149,5.773
12150,4.089
12151,4.245
12152,5.733
12153,5.927
12154,4.219
12155,2.661
12156,5.688
12157,5.979
12158,3.25
12159,5.62
12160,4.774
12161,3.94
12162,4.476
12163,3.44
12164,5.58
12165,3.974
12166,6.105
12167,4.767
12168,4.753
12169,5.213
12170,3.766
12171,5.563
12172,4.442
12173,5.498
12174,5.613
12175,5.708
12176,3.595
12177,4.731
12178,5.663
12179,3.544
12180,5.98
12181,4.875
12182,5.492
12183,5.514
12184,3.121
12185,5.884
12186,3.231
12187,2.793
12188,5.558
12189,5.007
12190,3.829
12191,5.719
12192,2.646
12193,5.853
12194,5.73
12195,5.477
12196,5.972
12197,2.361
12198,5.714
12199,5.639
12200,3.804
12201,5.656
12202,5.135
12203,3.246
12204,3.173
12205,5.638
12206,6.5
12207,3.079
12208,3.657
12209,3.978
12210,3.87
12211,5.434
12212,3.544
12213,4.741
12214,4.46
12215,3.549
12216,5.357
12217,5.546
12218,6.131
12219,5.31
12220,3.791
12221,5.509
12222,3.55
12223,2.714
12224,5.925
12225,5.801
12226,5.313
12227,5.313
12228,5.838
12229,5.857
12230,5.545
12231,4.194
12232,4.594
12233,3.971
12234,4.066
12235,4.111
12236,6.057
12237,2.966
12238,5.38
12239,4.426
12240,3.621
12241,6.315
12242,5.525
12243,5.958
12244,5.274
12245,4.785
12246,4.028
12247,5.969
12248,4.526
12249,5.817
12250,2.664
12251,5.202
12252,2.759
12253,2.636
12254,3.504
12255,6.185
12256,5.436
12257,5.296
12258,3.275
12259,2.611
12260,4.254
12261,5.862
12262,3.069
12263,6.012
12264,2.666
12265,6.022
12266,4.988
12267,2.964
12268,5.722
12269,2.692
12270,6.311
12271,5.535
12272,6.029
12273,5.574
12274,3.983
12275,2.823
12276,2.764
12277,4.941
12278,4.434
12279,6.117
12280,5.09
12281,3.796
12282,3.995
12283,4.536
12284,5.344
12285,5.522
12286,6.201
12287,3.3
12288,6.039
12289,4.477
12290,6.006
12291,3.33
12292,3.036
12293,4.067
12294,2.846
12295,5.723
12296,5.185
12297,4.474
12298,3.849
12299,2.654
12300,2.704
12301,4.197
12302,5.823
12303,3.519
12304,3.106
12305,3.542
12306,3.422
12307,4.259
12308,5.891
12309,5.806
12310,5.082
12311,3.744
12312,4.429
12313,5.664
12314,5.725
12315,5.709
12316,3.426
12317,4.304
12318,4.087
12319,5.754
12320,2.896
12321,5.858
12322,4.191
12323,2.797
12324,3.726
12325,2.828
12326,6.273
12327,5.394
12328,2.54
12329,5.98
12330,6.206
12331,5.125
12332,5.951
12333,3.185
12334,5.272
12335,4.18
12336,6.028
12337,2.858
12338,3.804
12339,5.895
12340,3.742
12341,5.222
12342,5.11
12343,5.883
12344,6.014
12345,5.676
12346,4.27
12347,4.189
12348,5.959
12349,5.733
12350,5.19
12351,5.233
12352,5.851
12353,5.93
12354,5.505
12355,4.727
12356,6.011
12357,3.952
12358,5.811
12359,5.636
12360,4.129
12361,5.394
12362,5.682
12363,5.132
12364,2.507
12365,5.819
12366,5.453
12367,5.464
12368,5.123
12369,2.9
12370,6.543
12371,4.672
12372,5.59
12373,5.575
12374,4.717
12375,5.761
12376,4.224
12377,2.854
12378,4.613
12379,5.643
12380,6.142
12381,6.072
12382,5.694
12383,4.625
12384,6.675
12385,5.915
12386,7.679
12387,6.198
12388,3.742
12389,4.751
12390,5.239
12391,6.092
12392,5.537
12393,4.683
12394,4.552
12395,4.928
12396,6.015
12397,4.717
12398,4.786
12399,6.251
12400,3.939
12401,4.832
12402,3.759
12403,4.457
12404,3.328
12405,4.835
12406,3.562
12407,4.895
12408,5.578
12409,5.779
12410,4.618
12411,5.988
12412,3.489
12413,2.735
12414,3.55
12415,5.019
12416,3.266
12417,6.159
12418,5.727
12419,5.737
12420,6.076
12421,4.018
12422,4.437
12423,3.938
12424,6.182
12425,5.127
12426,5.406
12427,5.554
12428,3.166
12429,5.652
12430,3.116
12431,5.722
12432,6.047
12433,4.239
12434,5.842
12435,3.381
12436,4.909
12437,5.228
12438,3.719
12439,4.743
12440,5.601
12441,4.494
12442,6.06
12443,6.061
12444,4.952
12445,4.382
12446,3.284
12447,3.053
12448,3.619
12449,5.8
12450,5.732
12451,3.131
12452,5.44
12453,5.563
12454,2.69
12455,5.296
12456,5.337
12457,3.239
12458,5.466
12459,3.549
12460,2.546
12461,4.055
12462,4.9
12463,3.656
12464,5.331
12465,2.991
12466,3.086
12467,5.441
12468,5.272
12469,4.244
12470,5.63
12471,2.72
12472,2.641
12473,3.017
12474,3.7
12475,3.687
12476,4.201
12477,3.411
12478,2.584
12479,5.674
12480,4.02
12481,6.089
12482,5.876
12483,4.727
12484,2.274
12485,6.037
12486,3.513
12487,5.843
12488,2.716
12489,5.506
12490,5.856
12491,5.119
12492,5.552
12493,4.928
12494,4.749
12495,2.735
12496,6.11
12497,4.493
12498,3.092
12499,2.884
12500,3.575
12501,2.741
12502,3.481
12503,4.617
12504,5.232
12505,5.676
12506,4.747
12507,4.659
12508,4.951
12509,3.464
12510,5.93
12511,6.086
12512,3.898
12513,5.299
12514,5.718
12515,4.226
12516,5.793
12517,5.936
12518,4.844
12519,3.797
12520,5.971
12521,5.026
12522,5.31
12523,5.403
12524,5.806
12525,2.846
12526,5.956
12527,3.415
12528,5.667
12529,2.515
12530,3.489
12531,4.302
12532,5.768
12533,3.009
12534,5.619
12535,4.451
12536,5.066
12537,4.695
12538,3.204
12539,3.482
12540,2.907
12541,4.373
12542,6.218
12543,5.175
12544,5.545
12545,2.944
12546,5.699
12547,2.91
12548,5.576
12549,3.587
12550,2.816
12551,5.925
12552,5.99
12553,5.436
12554,5.82
12555,5.415
12556,4.004
12557,2.761
12558,5.252
12559,6.5
12560,4.686
12561,5.814
12562,2.616
12563,6.132
12564,4.336
12565,2.981
12566,4.471
12567,4.315
12568,2.614
12569,2.933
12570,3.788
12571,5.0
12572,5.773
12573,4.323
12574,5.9
12575,5.554
12576,3.964
12577,5.387
12578,5.913
12579,5.736
12580,4.473
12581,6.223
12582,2.829
12583,5.939
12584,3.341
12585,5.411
12586,5.018
12587,3.869
12588,4.499
12589,5.362
12590,6.545
12591,5.446
12592,6.149
12593,6.061
12594,3.734
12595,6.057
12596,6.619
12597,4.642
12598,6.112
12599,4.796
12600,5.983
12601,5.966
12602,5.716
12603,3.827
12604,5.258
12605,5.791
12606,5.23
12607,2.733
12608,2.657
12609,2.727
12610,4.42
12611,2.581
12612,4.38
12613,5.873
12614,3.402
12615,5.639
12616,2.1
12617,2.645
12618,5.624
12619,5.756
12620,3.45
12621,3.497
12622,4.172
12623,5.421
12624,6.063
12625,5.659
12626,4.301
12627,3.394
12628,2.744
12629,2.661
12630,3.679
12631,5.49
12632,4.631
12633,4.793
12634,5.26
12635,6.369
12636,3.444
12637,5.904
12638,2.642
12639,5.488
12640,3.852
12641,5.662
12642,6.049
12643,5.072
12644,5.958
12645,5.142
12646,3.538
12647,5.641
12648,5.455
12649,5.843
12650,3.892
12651,6.167
12652,4.761
12653,5.615
12654,5.945
12655,5.769
12656,5.153
12657,4.968
12658,4.687
12659,5.109
12660,4.428
12661,3.676
12662,3.508
12663,4.074
12664,5.694
12665,5.842
12666,5.741
12667,2.522
12668,5.194
12669,4.101
12670,3.702
12671,3.676
12672,5.701
12673,5.575
12674,5.647
12675,5.668
12676,2.535
12677,4.937
12678,3.003
12679,2.84
12680,2.627
12681,3.279
12682,2.62
12683,5.34
12684,5.384
12685,5.856
12686,4.485
12687,4.011
12688,2.961
12689,2.532
12690,2.771
12691,3.888
12692,8.226
12693,5.225
12694,4.014
12695,2.715
12696,5.617
12697,3.371
12698,4.457
12699,4.875
12700,6.025
12701,6.474
12702,4.65
12703,6.098
12704,5.632
12705,2.704
12706,5.332
12707,5.45
12708,5.323
12709,4.71
12710,5.53
12711,4.317
12712,4.88
12713,6.007
12714,5.395
12715,4.566
12716,5.415
12717,3.29
12718,2.642
12719,3.182
12720,6.444
12721,4.793
12722,5.333
12723,3.095
12724,3.261
12725,3.387
12726,5.705
12727,2.532
12728,4.847
12729,2.69
12730,5.687
12731,3.894
12732,4.954
12733,5.71
12734,4.345
12735,5.845
12736,3.717
12737,5.945
12738,2.658
12739,5.537
12740,5.507
12741,5.509
12742,3.084
12743,3.815
12744,5.098
12745,6.002
12746,2.999
12747,5.595
12748,5.397
12749,4.281
12750,4.196
12751,4.264
12752,4.877
12753,5.548
12754,2.485
12755,6.061
12756,5.933
12757,4.315
12758,5.034
12759,5.894
12760,5.429
12761,5.825
12762,2.914
12763,2.72
12764,5.643
12765,2.806
12766,2.869
12767,4.711
12768,5.637
12769,5.808
12770,3.719
12771,5.748
12772,6.01
12773,3.624
12774,5.293
12775,6.381
12776,5.74
12777,5.718
12778,2.929
12779,3.234
12780,4.956
12781,3.035
12782,4.989
12783,3.332
12784,3.666
12785,5.62
12786,2.994
12787,5.428
12788,5.905
12789,3.122
12790,5.484
12791,4.28
12792,2.788
12793,2.83
12794,4.588
12795,6.011
12796,3.285
12797,6.102
12798,3.759
12799,5.977
12800,3.262
12801,4.87
12802,2.749
12803,2.642
12804,5.734
12805,5.339
12806,4.408
12807,4.835
12808,4.483
12809,4.612
12810,3.167
12811,5.915
12812,3.082
12813,5.482
12814,4.022
12815,2.873
12816,5.879
12817,5.896
12818,5.218
12819,5.117
12820,5.241
12821,5.734
12822,4.025
12823,5.766
12824,5.735
12825,5.589
12826,6.401
12827,5.944
12828,5.083
12829,5.689
12830,2.977
12831,5.814
12832,6.187
12833,3.874
12834,4.382
12835,3.306
12836,2.735
12837,3.926
12838,5.899
12839,5.469
12840,5.929
12841,6.061
12842,5.105
12843,3.148
12844,5.787
12845,3.812
12846,4.934
12847,5.265
12848,4.601
12849,5.735
12850,5.25
12851,5.437
12852,4.838
12853,3.638
12854,4.806
12855,4.421
12856,5.346
12857,5.314
12858,5.251
12859,2.157
12860,5.484
12861,3.813
12862,3.789
12863,3.063
12864,4.794
12865,3.216
12866,2.546
12867,3.839
12868,2.716
12869,5.938
12870,4.198
12871,6.012
12872,2.858
12873,2.546
12874,4.41
12875,5.159
12876,4.795
12877,4.29
12878,5.373
12879,5.743
12880,3.379
12881,5.751
12882,4.141
12883,4.431
12884,5.743
12885,5.483
12886,6.362
12887,5.8
12888,5.129
12889,3.932
12890,6.366
12891,5.276
12892,4.474
12893,5.994
12894,5.871
12895,3.575
12896,5.633
12897,3.694
12898,5.189
12899,4.942
12900,5.745
12901,5.924
12902,4.701
12903,3.69
12904,5.657
12905,5.283
12906,2.539
12907,5.811
12908,2.732
12909,5.838
12910,5.984
12911,6.039
12912,2.451
12913,4.593
12914,5.807
12915,4.826
12916,6.256
12917,4.09
12918,3.49
12919,3.248
12920,5.296
12921,3.558
12922,4.699
12923,5.566
12924,5.674
12925,2.689
12926,3.355
12927,4.721
12928,6.21
12929,3.391
12930,5.565
12931,3.264
12932,5.878
12933,4.05
12934,5.568
12935,3.751
12936,6.012
12937,2.719
12938,5.93
12939,5.893
12940,6.164
12941,2.361
12942,4.044
12943,3.666
12944,6.081
12945,2.827
12946,5.924
12947,2.604
12948,3.493
12949,4.753
12950,5.744
12951,5.761
12952,4.473
12953,4.414
12954,6.722
12955,6.031
12956,3.072
12957,4.953
12958,4.705
12959,2.96
12960,3.936
12961,2.967
12962,5.923
12963,4.272
12964,2.689
12965,5.358
12966,5.676
12967,6.111
12968,5.869
12969,3.658
12970,5.265
12971,3.217
12972,2.978
12973,4.51
12974,2.658
12975,5.725
12976,6.055
12977,5.507
12978,3.158
12979,4.727
12980,4.258
12981,5.85
12982,5.34
12983,5.608
12984,2.765
12985,5.797
12986,6.003
12987,4.149
12988,5.314
12989,5.932
12990,3.014
12991,4.752
12992,3.19
12993,3.152
12994,3.153
12995,5.701
12996,3.478
12997,3.919
12998,5.668
12999,4.304
13000,4.966
13001,2.746
13002,2.804
13003,5.067
13004,5.674
13005,3.839
13006,4.888
13007,5.461
13008,3.342
13009,4.024
13010,5.825
13011,3.885
13012,3.297
13013,5.539
13014,3.024
13015,5.364
13016,5.703
13017,3.675
13018,4.99
13019,5.631
13020,4.532
13021,5.946
13022,5.872
13023,5.521
13024,5.764
13025,5.239
13026,2.643
13027,4.266
13028,5.514
13029,5.346
13030,5.194
13031,2.361
13032,3.853
13033,5.926
13034,2.841
13035,5.053
13036,5.999
13037,3.382
13038,6.088
13039,2.702
13040,3.895
13041,4.734
13042,4.573
13043,5.504
13044,5.592
13045,5.506
13046,5.833
13047,2.831
13048,4.474
13049,3.875
13050,5.376
13051,6.059
13052,5.744
13053,5.635
13054,4.873
13055,2.663
13056,4.497
13057,3.487
13058,4.467
13059,2.804
13060,5.971
13061,5.728
13062,5.949
13063,4.402
13064,5.771
13065,5.971
13066,3.614
13067,6.018
13068,5.148
13069,2.439
13070,5.758
13071,3.671
13072,3.062
13073,5.072
13074,6.023
13075,5.273
13076,3.032
13077,4.553
13078,6.064
13079,6.223
13080,3.351
13081,6.043
13082,5.314
13083,5.964
13084,4.826
13085,5.728
13086,5.693
13087,2.172
13088,5.949
13089,5.683
13090,5.771
13091,4.31
13092,5.435
13093,6.003
13094,5.448
13095,6.053
13096,5.594
13097,6.019
13098,4.245
13099,5.539
13100,5.229
13101,6.137
13102,6.112
13103,3.553
13104,6.059
13105,5.913
13106,6.37
13107,2.642
13108,3.783
13109,3.983
13110,5.646
13111,5.285
13112,6.112
13113,5.458
13114,6.25
13115,4.635
13116,5.742
13117,4.574
13118,3.778
13119,5.28
13120,3.018
13121,3.59
13122,3.826
13123,5.858
13124,4.694
13125,2.718
13126,2.905
13127,5.643
13128,4.679
13129,5.371
13130,5.173
13131,5.946
13132,4.959
13133,5.148
13134,4.057
13135,3.077
13136,5.135
13137,4.421
13138,6.039
13139,5.759
13140,4.495
13141,5.015
13142,3.433
13143,4.517
13144,5.889
13145,5.66
13146,5.874
13147,2.846
13148,5.392
13149,5.619
13150,3.296
13151,4.518
13152,3.485
13153,3.493
13154,2.594
13155,4.602
13156,2.544
13157,6.16
13158,3.662
13159,5.914
13160,2.601
13161,5.111
13162,4.593
13163,4.085
13164,3.061
13165,4.477
13166,5.753
13167,3.984
13168,5.675
13169,5.538
13170,5.86
13171,5.986
13172,3.899
13173,2.848
13174,5.563
13175,5.945
13176,4.062
13177,4.24
13178,5.333
13179,4.886
13180,5.864
13181,5.272
13182,4.173
13183,5.798
13184,4.414
13185,6.083
13186,4.603
13187,5.548
13188,5.573
13189,3.306
13190,3.566
13191,4.364
13192,4.754
13193,5.535
13194,4.07
13195,2.966
13196,4.559
13197,6.429
13198,6.16
13199,6.04
13200,3.95
13201,5.853
13202,5.168
13203,5.08
13204,2.609
13205,2.473
13206,3.097
13207,3.914
13208,2.134
13209,6.229
13210,5.563
13211,6.148
13212,3.942
13213,4.882
13214,3.739
13215,5.717
13216,5.365
13217,2.965
13218,3.087
13219,5.723
13220,4.979
13221,4.759
13222,3.427
13223,2.662
13224,6.043
13225,5.964
13226,6.035
13227,5.66
13228,6.008
13229,5.879
13230,5.765
13231,5.399
13232,4.8
13233,5.5
13234,6.034
13235,5.933
13236,5.096
13237,5.707
13238,4.364
13239,5.289
13240,5.939
13241,4.47
13242,5.924
13243,5.527
13244,5.287
13245,5.705
13246,3.998
13247,2.937
13248,2.997
13249,3.281
13250,5.647
13251,4.004
13252,5.7
13253,2.986
13254,3.265
13255,5.508
13256,2.867
13257,3.479
13258,4.932
13259,3.196
13260,4.079
13261,5.749
13262,5.667
13263,3.383
13264,3.908
13265,6.204
13266,5.819
13267,6.059
13268,5.933
13269,4.388
13270,3.546
13271,6.085
13272,2.91
13273,4.784
13274,3.891
13275,5.381
13276,5.854
13277,5.997
13278,5.256
13279,5.093
13280,4.439
13281,6.08
13282,6.009
13283,2.647
13284,4.544
13285,4.912
13286,3.296
13287,4.432
13288,2.848
13289,4.086
13290,6.255
13291,3.278
13292,4.241
13293,3.702
13294,3.459
13295,4.076
13296,5.781
13297,2.663
13298,5.698
13299,2.86
13300,2.897
13301,5.37
13302,6.233
13303,5.806
13304,4.853
13305,5.92
13306,2.694
13307,4.956
13308,4.625
13309,4.711
13310,4.782
13311,4.718
13312,4.213
13313,3.748
13314,5.829
13315,2.781
13316,5.43
13317,6.436
13318,5.987
13319,3.274
13320,4.433
13321,2.735
13322,2.769
13323,3.318
13324,4.882
13325,3.518
13326,4.151
13327,6.0
13328,5.103
13329,5.051
13330,2.659
13331,5.867
13332,4.588
13333,5.435
13334,5.957
13335,5.463
13336,5.087
13337,2.981
13338,3.1
13339,3.71
13340,5.26
13341,3.758
13342,5.905
13343,2.985
13344,5.291
13345,3.811
13346,5.475
13347,3.056
13348,6.026
13349,5.13
13350,4.744
13351,6.029
13352,5.957
13353,4.998
13354,5.164
13355,5.531
13356,2.979
13357,3.001
13358,5.924
13359,3.993
13360,4.672
13361,3.797
13362,2.692
13363,5.332
13364,5.668
13365,5.227
13366,4.106
13367,5.404
13368,5.676
13369,4.765
13370,4.985
13371,5.934
13372,5.063
13373,6.011
13374,5.715
13375,5.663
13376,3.02
13377,4.289
13378,5.991
13379,5.485
13380,6.03
13381,3.814
13382,4.618
13383,4.371
13384,5.742
13385,2.828
13386,3.036
13387,5.698
13388,5.951
13389,4.813
13390,4.429
13391,3.455
13392,4.003
13393,5.647
13394,5.684
13395,5.534
13396,5.624
13397,2.602
13398,4.405
13399,5.215
13400,2.579
13401,5.039
13402,4.987
13403,4.975
13404,5.951
13405,2.505
13406,5.571
13407,5.09
13408,4.816
13409,5.486
13410,5.938
13411,2.77
13412,4.45
13413,2.59
13414,3.71
13415,5.498
13416,3.451
13417,5.223
13418,2.457
13419,5.638
13420,8.123
13421,5.456
13422,5.451
13423,5.746
13424,4.097
13425,2.642
13426,4.315
13427,5.164
13428,5.766
13429,3.949
13430,4.63
13431,3.442
13432,5.275
13433,3.996
13434,4.176
13435,5.303
13436,4.42
13437,2.795
13438,3.742
13439,2.994
13440,3.772
13441,6.255
13442,4.471
13443,6.001
13444,5.302
13445,4.571
13446,3.017
13447,5.842
13448,5.844
13449,5.99
13450,2.625
13451,3.394
13452,5.66
13453,5.943
13454,4.822
13455,6.127
13456,5.677
13457,2.695
13458,4.676
13459,5.528
13460,2.693
13461,5.644
13462,5.695
13463,2.576
13464,5.75
13465,3.207
13466,5.496
13467,5.754
13468,5.199
13469,4.079
13470,4.359
13471,4.836
13472,2.776
13473,4.702
13474,5.99
13475,4.581
13476,2.439
13477,2.891
13478,4.153
13479,3.509
13480,3.109
13481,5.923
13482,4.462
13483,2.986
13484,5.622
13485,5.808
13486,6.023
13487,4.153
13488,3.539
13489,3.327
13490,2.779
13491,4.686
13492,3.91
13493,2.906
13494,4.933
13495,2.721
13496,2.615
13497,3.689
13498,5.865
13499,4.953
13500,4.613
13501,3.346
13502,5.577
13503,5.832
13504,5.885
13505,5.453
13506,6.038
13507,5.906
13508,5.079
13509,5.902
13510,5.572
13511,4.342
13512,5.661
13513,2.647
13514,5.657
13515,2.72
13516,5.917
13517,6.124
13518,5.729
13519,5.153
13520,4.882
13521,5.811
13522,3.016
13523,4.442
13524,5.953
13525,5.479
13526,3.501
13527,5.573
13528,5.775
13529,5.424
13530,5.331
13531,5.917
13532,2.664
13533,2.979
13534,2.103
13535,4.672
13536,3.305
13537,6.073
13538,3.951
13539,4.995
13540,6.0
13541,5.615
13542,5.942
13543,6.019
13544,2.51
13545,5.85
13546,5.62
13547,4.678
13548,4.39
13549,3.583
13550,3.174
13551,5.928
13552,5.52
13553,5.268
13554,5.909
13555,3.283
13556,5.597
13557,5.87
13558,5.096
13559,5.787
13560,4.324
13561,6.041
13562,5.813
13563,5.373
13564,4.638
13565,2.21
13566,4.936
13567,5.514
13568,3.559
13569,5.371
13570,5.534
13571,4.304
13572,4.618
13573,3.9
13574,4.61
13575,4.658
13576,2.628
13577,5.539
13578,3.408
13579,6.239
13580,5.747
13581,2.763
13582,2.99
13583,5.511
13584,4.581
13585,6.546
13586,6.107
13587,3.585
13588,4.474
13589,5.986
13590,6.153
13591,5.326
13592,4.203
13593,4.842
13594,5.165
13595,5.76
13596,5.174
13597,5.939
13598,5.76
13599,5.996
13600,5.805
13601,5.962
13602,5.493
13603,3.301
13604,5.254
13605,5.781
13606,3.071
13607,5.641
13608,4.107
13609,5.31
13610,5.91
13611,4.38
13612,5.473
13613,6.053
13614,6.015
13615,5.61
13616,4.861
13617,4.299
13618,3.903
13619,5.649
13620,4.952
13621,3.72
13622,3.757
13623,4.258
13624,5.746
13625,2.836
13626,5.139
13627,6.226
13628,4.71
13629,3.786
13630,3.006
13631,4.123
13632,2.901
13633,5.801
13634,2.585
13635,3.923
13636,3.388
13637,5.776
13638,5.596
13639,5.876
13640,4.12
13641,4.269
13642,5.865
13643,5.423
13644,4.702
13645,5.956
13646,6.057
13647,5.502
13648,4.96
13649,2.825
13650,3.962
13651,5.8
13652,6.026
13653,4.213
13654,5.734
13655,5.016
13656,5.729
13657,5.578
13658,5.914
13659,4.558
13660,4.887
13661,3.387
13662,4.419
13663,6.339
13664,5.625
13665,4.177
13666,5.065
13667,3.917
13668,5.316
13669,5.866
13670,4.709
13671,4.308
13672,4.815
13673,5.13
13674,4.803
13675,5.743
13676,5.145
13677,5.766
13678,2.672
13679,5.882
13680,6.032
13681,5.835
13682,2.839
13683,3.246
13684,4.51
13685,3.299
13686,6.036
13687,5.542
13688,2.984
13689,3.606
13690,2.81
13691,5.385
13692,5.799
13693,6.13
13694,5.408
13695,3.619
13696,5.89
13697,4.789
13698,5.565
13699,3.14
13700,3.153
13701,5.668
13702,3.193
13703,5.603
13704,5.777
13705,4.069
13706,2.971
13707,3.575
13708,2.694
13709,3.162
13710,2.412
13711,5.44
13712,2.914
13713,6.206
13714,4.846
13715,3.916
13716,8.855
13717,5.619
13718,5.275
13719,4.811
13720,6.049
13721,6.447
13722,5.726
13723,5.132
13724,5.699
13725,2.939
13726,5.683
13727,5.348
13728,3.714
13729,5.267
13730,4.882
13731,2.171
13732,2.543
13733,4.443
13734,4.465
13735,5.576
13736,5.589
13737,4.83
13738,2.974
13739,5.151
13740,5.983
13741,5.314
13742,4.722
13743,5.65
13744,5.924
13745,5.798
13746,5.001
13747,3.042
13748,5.991
13749,5.938
13750,6.057
13751,5.425
13752,5.703
13753,5.675
13754,6.064
13755,5.697
13756,5.689
13757,2.826
13758,3.096
13759,3.824
13760,3.14
13761,5.956
13762,5.228
13763,4.786
13764,6.585
13765,5.241
13766,4.035
13767,2.796
13768,5.102
13769,5.204
13770,4.508
13771,4.805
13772,2.816
13773,3.263
13774,5.825
13775,3.382
13776,3.438
13777,5.548
13778,4.242
13779,3.741
13780,5.484
13781,3.995
13782,3.243
13783,5.254
13784,5.521
13785,5.49
13786,5.648
13787,5.46
13788,5.626
13789,5.133
13790,2.656
13791,4.256
13792,3.447
13793,3.829
13794,4.769
13795,5.356
13796,3.38
13797,6.052
13798,2.711
13799,2.832
13800,2.881
13801,5.811
13802,5.986
13803,4.76
13804,3.072
13805,4.39
13806,4.446
13807,5.176
13808,4.481
13809,5.498
13810,5.957
13811,5.832
13812,5.582
13813,4.322
13814,5.644
13815,3.253
13816,3.796
13817,4.791
13818,5.51
13819,3.587
13820,5.53
13821,3.68
13822,5.972
13823,5.314
13824,5.308
13825,5.822
13826,6.024
13827,3.697
13828,5.914
13829,4.106
13830,5.18
13831,5.803
13832,5.25
13833,5.608
13834,3.527
13835,5.131
13836,5.644
13837,4.844
13838,4.814
13839,2.613
13840,4.916
13841,4.301
13842,5.769
13843,3.863
13844,5.744
13845,2.604
13846,8.295
13847,5.067
13848,5.218
13849,4.473
13850,5.551
13851,4.375
13852,6.41
13853,5.649
13854,5.302
13855,3.537
13856,2.146
13857,5.482
13858,2.743
13859,2.801
13860,5.382
13861,3.491
13862,3.321
13863,2.641
13864,5.741
13865,5.496
13866,6.149
13867,4.171
13868,3.386
13869,5.589
13870,4.874
13871,5.862
13872,5.933
13873,5.844
13874,5.558
13875,5.239
13876,5.94
13877,5.382
13878,3.181
13879,4.474
13880,6.005
13881,2.963
13882,5.128
13883,3.133
13884,5.1
13885,3.462
13886,3.77
13887,5.335
13888,3.315
13889,6.04
13890,6.546
13891,4.891
13892,5.645
13893,5.839
13894,4.23
13895,5.376
13896,5.163
13897,5.463
13898,3.629
13899,4.219
13900,2.888
13901,5.878
13902,5.362
13903,4.183
13904,4.44
13905,4.05
13906,5.549
13907,4.421
13908,2.992
13909,2.809
13910,5.195
13911,5.739
13912,3.378
13913,4.629
13914,5.88
13915,5.526
13916,5.855
13917,2.955
13918,2.924
13919,3.603
13920,5.394
13921,5.241
13922,5.734
13923,3.359
13924,5.424
13925,5.143
13926,5.253
13927,6.323
13928,6.073
13929,3.52
13930,2.837
13931,2.155
13932,5.593
13933,6.262
13934,5.662
13935,2.63
13936,4.512
13937,4.091
13938,2.728
13939,5.35
13940,5.238
13941,2.822
13942,5.684
13943,3.31
13944,4.495
13945,3.2
13946,2.641
13947,6.043
13948,5.054
13949,3.03
13950,2.752
13951,5.752
13952,5.207
13953,4.753
13954,5.359
13955,2.451
13956,3.955
13957,2.996
13958,5.62
13959,3.725
13960,5.34
13961,5.945
13962,5.238
13963,4.151
13964,5.754
13965,6.049
13966,5.189
13967,5.946
13968,2.321
13969,5.636
13970,5.843
13971,5.814
13972,3.607
13973,4.162
13974,5.783
13975,5.834
13976,2.758
13977,6.028
13978,3.959
13979,4.987
13980,3.941
13981,5.459
13982,6.021
13983,4.168
13984,3.364
13985,5.58
13986,2.57
13987,4.254
13988,2.669
13989,5.157
13990,5.544
13991,5.768
13992,4.827
13993,5.859
13994,3.971
13995,5.934
13996,5.828
13997,2.897
13998,5.986
13999,3.384
14000,2.866
14001,4.793
14002,2.934
14003,5.542
14004,5.212
14005,5.179
14006,5.824
14007,2.21
14008,6.472
14009,5.945
14010,6.063
14011,2.684
14012,5.504
14013,6.407
14014,5.652
14015,4.921
14016,2.475
14017,4.183
14018,6.019
14019,3.484
14020,4.059
14021,4.306
14022,2.922
14023,5.367
14024,6.244
14025,5.782
14026,5.764
14027,4.373
14028,5.671
14029,4.945
14030,6.141
14031,5.338
14032,5.092
14033,5.947
14034,5.382
14035,3.374
14036,3.75
14037,4.361
14038,5.469
14039,4.9
14040,4.482
14041,5.964
14042,5.033
14043,3.175
14044,4.654
14045,2.733
14046,2.84
14047,4.886
14048,5.977
14049,5.489
14050,5.099
14051,5.923
14052,2.545
14053,3.251
14054,5.971
14055,4.115
14056,5.061
14057,6.233
14058,2.697
14059,4.837
14060,5.778
14061,5.226
14062,3.987
14063,5.389
14064,4.78
14065,5.301
14066,3.815
14067,5.655
14068,3.147
14069,5.674
14070,3.221
14071,2.564
14072,2.716
14073,2.843
14074,5.861
14075,6.026
14076,6.309
14077,5.338
14078,5.588
14079,5.067
14080,4.121
14081,5.644
14082,2.711
14083,5.677
14084,6.114
14085,5.449
14086,3.012
14087,6.076
14088,3.208
14089,5.831
14090,6.079
14091,3.182
14092,6.489
14093,5.612
14094,4.156
14095,5.64
14096,5.367
14097,2.585
14098,3.872
14099,6.248
14100,2.403
14101,5.811
14102,5.53
14103,5.518
14104,5.647
14105,4.392
14106,3.052
14107,5.053
14108,5.743
14109,4.199
14110,4.71
14111,2.724
14112,5.678
14113,3.842
14114,6.041
14115,2.656
14116,5.124
14117,5.854
14118,2.84
14119,2.622
14120,3.402
14121,5.667
14122,5.644
14123,2.588
14124,5.612
14125,6.05
14126,5.043
14127,4.153
14128,4.936
14129,5.636
14130,5.859
14131,5.072
14132,2.694
14133,3.367
14134,6.036
14135,5.116
14136,2.602
14137,6.04
14138,5.328
14139,5.057
14140,3.639
14141,6.196
14142,3.149
14143,3.977
14144,6.055
14145,2.904
14146,5.501
14147,6.306
14148,5.653
14149,5.466
14150,5.316
14151,2.365
14152,3.941
14153,4.777
14154,3.58
14155,3.076
14156,5.418
14157,5.126
14158,4.864
14159,5.037
14160,5.854
14161,5.178
14162,4.761
14163,5.795
14164,5.329
14165,3.195
14166,3.963
14167,5.838
14168,5.825
14169,2.856
14170,5.772
14171,5.896
14172,5.905
14173,5.141
14174,3.412
14175,2.883
14176,3.96
14177,4.361
14178,4.203
14179,3.943
14180,2.977
14181,5.603
14182,4.69
14183,5.593
14184,3.401
14185,3.89
14186,5.942
14187,4.606
14188,4.877
14189,3.778
14190,5.594
14191,2.435
14192,6.271
14193,5.872
14194,5.338
14195,2.78
14196,5.745
14197,5.891
14198,3.448
14199,5.461
14200,3.538
14201,5.798
14202,6.368
14203,5.233
14204,5.78
14205,5.318
14206,5.071
14207,4.45
14208,2.466
14209,4.262
14210,5.845
14211,5.056
14212,5.963
14213,5.419
14214,5.888
14215,4.484
14216,3.792
14217,4.084
14218,3.238
14219,4.658
14220,6.13
14221,5.362
14222,3.01
14223,5.913
14224,5.828
14225,4.113
14226,6.001
14227,5.859
14228,2.776
14229,5.588
14230,5.773
14231,5.617
14232,4.572
14233,5.548
14234,5.077
14235,5.673
14236,4.964
14237,3.853
14238,3.624
14239,5.667
14240,5.826
14241,5.395
14242,5.631
14243,5.657
14244,5.976
14245,4.138
14246,5.273
14247,5.309
14248,5.534
14249,5.837
14250,3.014
14251,5.487
14252,5.957
14253,3.854
14254,5.297
14255,2.782
14256,2.849
14257,5.39
14258,5.083
14259,5.898
14260,5.342
14261,6.116
14262,3.034
14263,3.343
14264,3.451
14265,6.041
14266,5.659
14267,4.904
14268,2.818
14269,3.873
14270,5.446
14271,4.721
14272,2.671
14273,4.04
14274,2.751
14275,5.801
14276,4.376
14277,2.935
14278,5.724
14279,5.617
14280,5.664
14281,4.953
14282,5.729
14283,3.295
14284,3.873
14285,5.904
14286,2.124
14287,2.438
14288,5.71
14289,4.646
14290,2.843
14291,5.33
14292,3.386
14293,4.558
14294,4.326
14295,4.516
14296,6.224
14297,4.919
14298,6.506
14299,2.946
14300,5.808
14301,5.621
14302,5.718
14303,2.4
14304,3.839
14305,3.386
14306,5.264
14307,5.893
14308,2.998
14309,4.455
14310,5.042
14311,4.842
14312,5.013
14313,5.867
14314,6.016
14315,5.73
14316,5.543
14317,5.565
14318,4.025
14319,2.21
14320,4.318
14321,2.628
14322,5.698
14323,5.854
14324,2.923
14325,2.795
14326,3.418
14327,3.172
14328,5.93
14329,4.162
14330,2.79
14331,5.809
14332,5.282
14333,5.604
14334,5.901
14335,6.152
14336,3.711
14337,4.318
14338,3.97
14339,2.831
14340,3.551
14341,6.835
14342,4.241
14343,3.434
14344,3.411
14345,4.531
14346,6.525
14347,4.71
14348,5.388
14349,4.457
14350,4.777
14351,2.754
14352,4.618
14353,5.54
14354,5.713
14355,5.227
14356,4.252
14357,3.352
14358,5.607
14359,6.04
14360,5.916
14361,5.136
14362,5.328
14363,5.024
14364,5.483
14365,5.324
14366,6.02
14367,4.818
14368,2.576
14369,5.363
14370,5.985
14371,3.945
14372,4.098
14373,5.838
14374,5.959
14375,5.564
14376,5.423
14377,4.382
14378,4.247
14379,5.514
14380,3.378
14381,5.843
14382,2.729
14383,5.289
14384,5.697
14385,2.823
14386,4.448
14387,4.424
14388,5.83
14389,3.72
14390,5.564
14391,6.554
14392,8.522
14393,3.607
14394,5.901
14395,4.772
14396,5.999
14397,6.297
14398,3.036
14399,2.605
14400,4.438
14401,6.674
14402,5.419
14403,6.045
14404,3.049
14405,5.807
14406,6.333
14407,5.257
14408,5.685
14409,5.964
14410,5.788
14411,5.931
14412,3.854
14413,5.488
14414,5.523
14415,6.127
14416,5.339
14417,5.569
14418,2.718
14419,4.178
14420,5.478
14421,5.194
14422,5.611
14423,5.426
14424,2.546
14425,2.957
14426,6.027
14427,2.37
14428,2.682
14429,2.97
14430,5.399
14431,3.377
14432,4.576
14433,3.829
14434,5.985
14435,4.538
14436,5.835
14437,2.85
14438,5.078
14439,5.904
14440,4.267
14441,5.625
14442,4.113
14443,5.104
14444,4.742
14445,2.785
14446,4.318
14447,4.505
14448,3.603
14449,5.264
14450,3.788
14451,5.104
14452,3.6
14453,4.43
14454,5.818
14455,2.788
14456,6.086
14457,5.699
14458,5.217
14459,5.672
14460,4.617
14461,5.9
14462,5.569
14463,3.775
14464,5.531
14465,4.655
14466,5.686
14467,6.026
14468,5.828
14469,5.891
14470,5.492
14471,4.46
14472,5.453
14473,6.0
14474,3.511
14475,5.78
14476,5.811
14477,5.904
14478,6.063
14479,5.574
14480,3.676
14481,5.088
14482,4.773
14483,5.404
14484,5.917
14485,5.611
14486,6.203
14487,4.021
14488,4.193
14489,3.22
14490,2.869
14491,2.692
14492,5.592
14493,5.297
14494,5.653
14495,3.422
14496,5.572
14497,3.781
14498,5.421
14499,5.371
14500,5.811
14501,4.248
14502,5.753
14503,5.365
14504,5.526
14505,4.051
14506,4.9
14507,5.661
14508,5.367
14509,5.628
14510,4.456
14511,5.311
14512,4.364
14513,2.455
14514,5.416
14515,4.454
14516,5.85
14517,2.967
14518,5.317
14519,3.522
14520,4.373
14521,4.084
14522,5.725
14523,2.679
14524,5.167
14525,5.78
14526,5.584
14527,5.792
14528,3.644
14529,5.855
14530,4.931
14531,5.904
14532,4.289
14533,3.935
14534,5.621
14535,2.776
14536,4.542
14537,5.907
14538,3.632
14539,4.869
14540,5.627
14541,5.781
14542,5.706
14543,5.736
14544,4.839
14545,4.085
14546,3.923
14547,2.181
14548,6.07
14549,4.967
14550,5.106
14551,3.456
14552,5.227
14553,4.68
14554,4.539
14555,5.503
14556,3.321
14557,2.436
14558,5.878
14559,3.967
14560,3.42
14561,4.733
14562,6.031
14563,5.622
14564,3.789
14565,5.806
14566,5.53
14567,6.055
14568,2.73
14569,5.751
14570,6.025
14571,5.416
14572,2.613
14573,4.408
14574,5.462
14575,2.731
14576,5.379
14577,5.884
14578,3.907
14579,6.533
14580,4.69
14581,5.082
14582,5.742
14583,4.195
14584,2.635
14585,5.842
14586,5.784
14587,5.831
14588,5.481
14589,5.884
14590,4.475
14591,6.125
14592,5.732
14593,4.79
14594,5.395
14595,3.351
14596,5.845
14597,5.314
14598,2.818
14599,4.326
14600,2.556
14601,5.133
14602,3.867
14603,3.937
14604,5.265
14605,5.512
14606,3.616
14607,5.369
14608,5.61
14609,5.833
14610,5.332
14611,4.324
14612,3.544
14613,3.639
14614,5.23
14615,6.038
14616,2.607
14617,4.238
14618,5.894
14619,5.764
14620,6.338
14621,3.353
14622,2.643
14623,4.722
14624,5.259
14625,5.934
14626,3.769
14627,2.474
14628,5.596
14629,3.17
14630,4.844
14631,3.406
14632,4.885
14633,5.607
14634,5.599
14635,4.976
14636,5.885
14637,2.663
14638,5.0
14639,5.611
14640,2.737
14641,5.83
14642,5.924
14643,5.779
14644,2.887
14645,4.703
14646,5.476
14647,5.576
14648,3.379
14649,2.524
14650,5.775
14651,3.575
14652,4.494
14653,5.03
14654,2.439
14655,4.9
14656,5.068
14657,4.698
14658,3.493
14659,5.032
14660,5.332
14661,2.21
14662,5.999
14663,5.117
14664,5.839
14665,5.485
14666,5.199
14667,4.981
14668,2.575
14669,4.066
14670,4.024
14671,5.626
14672,4.856
14673,4.758
14674,5.637
14675,5.896
14676,4.831
14677,2.661
14678,3.663
14679,5.449
14680,4.402
14681,2.947
14682,5.322
14683,4.787
14684,6.008
14685,4.759
14686,5.637
14687,3.006
14688,4.347
14689,2.864
14690,3.594
14691,2.919
14692,6.105
14693,6.043
14694,4.39
14695,4.614
14696,5.292
14697,5.559
14698,5.649
14699,2.753
14700,2.766
14701,5.47
14702,6.106
14703,3.28
14704,5.747
14705,2.735
14706,5.601
14707,5.593
14708,5.526
14709,5.241
14710,4.061
14711,4.821
14712,5.341
14713,4.911
14714,2.621
14715,3.775
14716,3.408
14717,4.664
14718,4.724
14719,6.171
14720,4.083
14721,3.942
14722,5.585
14723,4.68
14724,5.53
14725,2.674
14726,5.924
14727,3.254
14728,6.49
14729,5.638
14730,3.456
14731,5.648
14732,5.076
14733,5.504
14734,4.775
14735,5.266
14736,4.474
14737,5.959
14738,4.229
14739,4.905
14740,6.075
14741,2.837
14742,5.792
14743,4.6
14744,5.469
14745,2.687
14746,5.266
14747,6.003
14748,3.815
14749,4.828
14750,2.774
14751,3.146
14752,5.986
14753,5.259
14754,3.608
14755,3.725
14756,2.854
14757,4.955
14758,2.593
14759,5.913
14760,4.306
14761,4.124
14762,5.385
14763,5.69
14764,4.474
14765,5.614
14766,5.929
14767,5.558
14768,3.607
14769,5.533
14770,4.127
14771,3.041
14772,6.096
14773,4.729
14774,5.873
14775,5.688
14776,5.448
14777,4.047
14778,6.187
14779,5.936
14780,5.725
14781,5.689
14782,4.44
14783,4.337
14784,5.768
14785,8.803
14786,6.028
14787,4.635
14788,6.264
14789,4.288
14790,5.981
14791,5.07
14792,5.095
14793,5.834
14794,4.184
14795,4.153
14796,3.29
14797,3.223
14798,5.422
14799,5.217
14800,6.114
14801,2.721
14802,6.5
14803,5.869
14804,5.921
14805,4.144
14806,3.094
14807,5.843
14808,5.134
14809,4.334
14810,5.661
14811,3.492
14812,5.666
14813,5.39
14814,5.294
14815,5.476
14816,4.689
14817,6.043
14818,5.072
14819,4.797
14820,5.843
14821,4.889
14822,3.664
14823,4.215
14824,4.346
14825,3.563
14826,5.063
14827,2.672
14828,5.561
14829,4.444
14830,5.897
14831,5.008
14832,5.709
14833,5.938
14834,5.676
14835,2.711
14836,5.595
14837,5.707
14838,6.158
14839,5.616
14840,5.759
14841,6.01
14842,5.298
14843,3.999
14844,5.535
14845,3.123
14846,4.436
14847,3.832
14848,5.225
14849,2.547
14850,4.83
14851,5.982
14852,4.366
14853,5.023
14854,4.99
14855,5.387
14856,6.584
14857,5.237
14858,5.819
14859,4.98
14860,5.945
14861,3.503
14862,6.253
14863,5.846
14864,5.442
14865,2.929
14866,4.857
14867,2.21
14868,5.886
14869,3.187
14870,5.943
14871,3.931
14872,7.594
14873,4.196
14874,4.592
14875,2.729
14876,3.032
14877,6.041
14878,2.567
14879,5.909
14880,5.182
14881,5.736
14882,5.186
14883,5.594
14884,5.647
14885,5.024
14886,5.245
14887,3.62
14888,3.491
14889,6.042
14890,6.035
14891,4.934
14892,3.86
14893,5.914
14894,5.761
14895,3.387
14896,3.934
14897,3.299
14898,5.791
14899,5.248
14900,3.297
14901,3.86
14902,5.06
14903,5.947
14904,4.815
14905,4.136
14906,6.056
14907,4.009
14908,5.301
14909,5.482
14910,5.624
14911,4.429
14912,4.249
14913,4.741
14914,4.616
14915,5.807
14916,2.758
14917,3.974
14918,5.023
14919,5.719
14920,4.386
14921,3.669
14922,5.276
14923,4.825
14924,4.747
14925,5.978
14926,4.511
14927,4.159
14928,3.979
14929,4.464
14930,4.075
14931,2.91
14932,4.443
14933,5.886
14934,5.853
14935,5.566
14936,5.75
14937,5.024
14938,5.145
14939,4.204
14940,5.147
14941,4.628
14942,5.517
14943,5.849
14944,4.612
14945,4.198
14946,5.769
14947,5.175
14948,5.949
14949,3.777
14950,5.942
14951,2.862
14952,5.774
14953,5.962
14954,5.325
14955,5.536
14956,2.682
14957,5.0
14958,4.948
14959,5.925
14960,3.955
14961,6.227
14962,3.408
14963,3.978
14964,2.497
14965,3.977
14966,5.248
14967,5.926
14968,3.662
14969,3.615
14970,6.315
14971,5.616
14972,5.869
14973,2.654
14974,3.268
14975,3.976
14976,3.614
14977,4.508
14978,3.654
14979,6.274
14980,4.33
14981,4.335
14982,2.649
14983,5.194
14984,4.699
14985,5.513
14986,5.698
14987,5.904
14988,6.143
14989,4.313
14990,5.193
14991,5.936
14992,5.605
14993,5.71
14994,4.813
14995,4.892
14996,4.332
14997,5.228
14998,5.055
14999,2.861
15000,5.758
15001,6.293
15002,4.267
15003,6.064
15004,5.462
15005,2.82
15006,6.064
15007,4.873
15008,6.074
15009,5.59
15010,5.76
15011,5.849
15012,4.176
15013,4.725
15014,5.618
15015,3.34
15016,5.594
15017,5.354
15018,3.936
15019,3.314
15020,5.699
15021,5.778
15022,4.752
15023,2.728
15024,4.828
15025,3.264
15026,3.686
15027,6.794
15028,5.497
15029,6.004
15030,5.24
15031,6.014
15032,4.062
15033,5.674
15034,2.348
15035,5.998
15036,2.859
15037,5.848
15038,4.338
15039,2.106
15040,4.597
15041,5.247
15042,3.649
15043,4.986
15044,5.591
15045,5.259
15046,5.808
15047,5.932
15048,5.927
15049,3.967
15050,3.018
15051,2.078
15052,5.831
15053,4.402
15054,6.57
15055,5.11
15056,5.752
15057,3.594
15058,6.154
15059,5.91
15060,3.888
15061,5.457
15062,5.783
15063,5.104
15064,2.447
15065,3.174
15066,5.907
15067,4.35
15068,3.87
15069,5.938
15070,5.023
15071,5.944
15072,6.508
15073,4.507
15074,6.531
15075,4.803
15076,5.624
15077,6.041
15078,5.923
15079,6.031
15080,3.301
15081,5.202
15082,4.59
15083,3.187
15084,5.712
15085,3.324
15086,2.608
15087,4.73
15088,5.808
15089,6.008
15090,5.301
15091,5.998
15092,5.837
15093,5.733
15094,5.889
15095,4.78
15096,3.886
15097,3.205
15098,6.202
15099,5.801
15100,5.889
15101,5.866
15102,6.258
15103,5.78
15104,3.339
15105,5.564
15106,5.942
15107,3.813
15108,4.301
15109,5.584
15110,2.963
15111,5.011
15112,6.143
15113,5.204
15114,5.719
15115,4.113
15116,3.72
15117,4.869
15118,4.62
15119,5.834
15120,3.505
15121,5.715
15122,5.918
15123,2.705
15124,5.391
15125,5.317
15126,2.361
15127,5.078
15128,5.688
15129,4.755
15130,3.484
15131,4.504
15132,4.698
15133,5.812
15134,5.263
15135,4.132
15136,2.998
15137,4.854
15138,5.858
15139,5.186
15140,5.679
15141,4.07
15142,4.624
15143,6.008
15144,6.525
15145,5.712
15146,5.375
15147,3.452
15148,5.444
15149,5.941
15150,5.927
15151,5.48
15152,3.811
15153,5.85
15154,5.46
15155,3.045
15156,3.993
15157,2.37
15158,4.432
15159,5.424
15160,4.014
15161,6.533
15162,2.901
15163,6.132
15164,3.737
15165,6.147
15166,5.669
15167,6.255
15168,5.863
15169,5.645
15170,5.381
15171,4.942
15172,6.004
15173,4.737
15174,5.309
15175,5.427
15176,2.967
15177,4.408
15178,5.459
15179,5.955
15180,3.948
15181,5.209
15182,5.478
15183,5.862
15184,2.78
15185,5.892
15186,5.825
15187,2.691
15188,3.249
15189,4.482
15190,5.835
15191,5.752
15192,5.879
15193,5.456
15194,5.915
15195,5.303
15196,5.851
15197,3.71
15198,5.924
15199,4.017
15200,3.394
15201,2.526
15202,3.743
15203,5.288
15204,3.847
15205,4.954
15206,3.482
15207,4.788
15208,3.041
15209,5.27
15210,6.025
15211,4.331
15212,2.748
15213,3.212
15214,3.512
15215,5.892
15216,5.444
15217,4.041
15218,4.109
15219,4.817
15220,2.787
15221,5.504
15222,5.935
15223,5.793
15224,2.782
15225,5.324
15226,2.518
15227,5.248
15228,5.641
15229,4.438
15230,4.242
15231,4.286
15232,5.51
15233,4.668
15234,4.352
15235,5.759
15236,5.108
15237,4.8
15238,3.972
15239,3.015
15240,4.245
15241,5.493
15242,5.123
15243,2.956
15244,2.746
15245,3.506
15246,5.542
15247,5.992
15248,5.624
15249,5.914
15250,5.707
15251,3.18
15252,5.751
15253,4.53
15254,5.532
15255,5.169
15256,5.447
15257,2.764
15258,5.58
15259,2.766
15260,4.979
15261,5.716
15262,5.314
15263,3.58
15264,6.009
15265,5.909
15266,2.897
15267,5.841
15268,5.707
15269,4.638
15270,5.855
15271,4.914
15272,3.276
15273,2.534
15274,3.451
15275,5.99
15276,4.281
15277,5.446
15278,5.938
15279,6.252
15280,2.675
15281,5.864
15282,5.964
15283,3.081
15284,3.492
15285,2.546
15286,5.222
15287,2.861
15288,5.64
15289,4.0
15290,4.172
15291,5.751
15292,3.568
15293,5.757
15294,6.078
15295,4.943
15296,5.314
15297,5.798
15298,5.371
15299,3.347
15300,4.656
15301,5.781
15302,5.621
15303,5.962
15304,6.028
15305,5.712
15306,4.853
15307,5.236
15308,5.638
15309,5.747
15310,4.816
15311,4.812
15312,5.846
15313,2.655
15314,5.472
15315,5.845
15316,6.115
15317,5.96
15318,2.902
15319,5.569
15320,4.543
15321,6.119
15322,5.813
15323,5.165
15324,3.978
15325,6.0
15326,3.438
15327,5.849
15328,2.619
15329,5.885
15330,5.492
15331,4.927
15332,2.866
15333,5.976
15334,4.08
15335,4.909
15336,5.407
15337,5.913
15338,4.41
15339,5.851
15340,5.487
15341,3.291
15342,4.562
15343,3.581
15344,3.229
15345,5.747
15346,5.104
15347,5.138
15348,3.839
15349,3.218
15350,5.543
15351,5.204
15352,3.521
15353,3.112
15354,3.057
15355,6.014
15356,5.654
15357,3.719
15358,5.989
15359,5.642
15360,5.262
15361,5.256
15362,4.873
15363,6.063
15364,5.621
15365,3.263
15366,3.544
15367,3.088
15368,5.124
15369,5.714
15370,4.284
15371,5.257
15372,5.948
15373,3.446
15374,3.796
15375,3.047
15376,5.622
15377,5.291
15378,2.951
15379,5.945
15380,5.097
15381,2.887
15382,3.973
15383,6.026
15384,6.012
15385,5.735
15386,6.583
15387,4.072
15388,5.8
15389,5.63
15390,3.852
15391,2.919
15392,6.267
15393,6.228
15394,5.363
15395,2.823
15396,5.342
15397,4.488
15398,5.15
15399,4.289
15400,4.574
15401,6.543
15402,4.753
15403,2.558
15404,4.143
15405,5.565
15406,5.572
15407,3.979
15408,2.722
15409,4.249
15410,4.851
15411,3.942
15412,5.929
15413,4.436
15414,3.277
15415,5.621
15416,4.103
15417,2.796
15418,3.165
15419,5.936
15420,5.009
15421,5.498
15422,5.433
15423,2.541
15424,5.54
15425,3.302
15426,4.889
15427,5.0
15428,6.503
15429,2.106
15430,5.494
15431,3.645
15432,3.167
15433,6.048
15434,5.85
15435,4.35
15436,2.922
15437,5.092
15438,5.614
15439,4.785
15440,4.283
15441,4.986
15442,5.559
15443,5.6
15444,2.615
15445,5.551
15446,5.464
15447,5.226
15448,5.313
15449,3.313
15450,2.761
15451,5.628
15452,5.457
15453,5.502
15454,5.21
15455,2.641
15456,5.648
15457,3.123
15458,5.239
15459,5.647
15460,5.949
15461,4.207
15462,5.908
15463,6.338
15464,4.127
15465,3.889
15466,5.106
15467,5.987
15468,4.839
15469,5.68
15470,5.611
15471,3.529
15472,5.593
15473,3.678
15474,3.505
15475,5.26
15476,4.902
15477,6.067
15478,2.88
15479,5.589
15480,4.875
15481,5.184
15482,5.784
15483,6.0
15484,6.258
15485,2.747
15486,4.952
15487,2.997
15488,5.952
15489,5.996
15490,4.081
15491,5.283
15492,5.921
15493,6.158
15494,5.633
15495,5.699
15496,4.766
15497,3.407
15498,5.434
15499,5.566
15500,3.302
15501,5.711
15502,4.965
15503,5.602
15504,6.089
15505,3.664
15506,5.412
15507,4.903
15508,4.193
15509,5.159
15510,3.195
15511,4.564
15512,5.223
15513,5.193
15514,4.802
15515,5.904
15516,6.165
15517,5.896
15518,5.561
15519,5.803
15520,5.879
15521,6.569
15522,4.463
15523,6.043
15524,5.984
15525,3.486
15526,4.156
15527,6.482
15528,5.925
15529,3.063
15530,3.472
15531,5.624
15532,3.455
15533,6.136
15534,5.394
15535,6.037
15536,5.093
15537,5.771
15538,3.507
15539,4.938
15540,3.506
15541,5.304
15542,5.528
15543,4.108
15544,2.739
15545,5.784
15546,5.76
15547,4.697
15548,5.901
15549,4.328
15550,5.637
15551,3.973
15552,6.515
15553,5.936
15554,5.688
15555,5.853
15556,4.032
15557,3.839
15558,4.768
15559,4.183
15560,4.001
15561,4.036
15562,4.478
15563,6.0
15564,3.438
15565,3.64
15566,5.0
15567,5.979
15568,5.922
15569,5.489
15570,5.553
15571,3.001
15572,4.163
15573,3.911
15574,5.503
15575,5.698
15576,5.936
15577,3.436
15578,4.799
15579,3.43
15580,5.862
15581,5.776
15582,5.463
15583,2.577
15584,3.087
15585,6.172
15586,3.93
15587,5.917
15588,5.99
15589,3.462
15590,2.819
15591,3.893
15592,5.937
15593,5.639
15594,5.198
15595,2.809
15596,3.158
15597,6.266
15598,5.816
15599,4.271
15600,5.013
15601,6.385
15602,3.423
15603,2.914
15604,3.524
15605,5.911
15606,5.608
15607,4.323
15608,5.832
15609,5.175
15610,4.248
15611,4.469
15612,5.115
15613,5.654
15614,3.947
15615,2.556
15616,4.959
15617,5.248
15618,5.924
15619,8.168
15620,5.487
15621,3.556
15622,3.974
15623,4.714
15624,5.62
15625,5.458
15626,6.017
15627,3.233
15628,5.642
15629,6.042
15630,5.859
15631,3.672
15632,2.744
15633,3.611
15634,5.64
15635,3.911
15636,4.037
15637,4.128
15638,3.434
15639,3.885
15640,5.762
15641,4.023
15642,5.061
15643,5.943
15644,5.443
15645,4.386
15646,5.793
15647,5.563
15648,4.491
15649,5.698
15650,3.374
15651,3.366
15652,4.84
15653,4.803
15654,3.149
15655,2.98
15656,3.37
15657,4.081
15658,2.71
15659,5.798
15660,5.71
15661,2.96
15662,5.413
15663,5.3
15664,4.89
15665,2.276
15666,5.345
15667,5.223
15668,4.682
15669,3.705
15670,2.809
15671,5.597
15672,5.244
15673,5.641
15674,2.822
15675,5.385
15676,5.436
15677,3.127
15678,5.285
15679,4.334
15680,4.982
15681,5.894
15682,3.933
15683,5.467
15684,3.766
15685,5.616
15686,5.687
15687,5.616
15688,2.975
15689,6.116
15690,3.82
15691,5.589
15692,5.15
15693,2.801
15694,4.684
15695,4.337
15696,5.896
15697,6.183
15698,4.726
15699,5.231
15700,5.934
15701,3.877
15702,3.674
15703,5.356
15704,4.276
15705,5.498
15706,5.072
15707,6.543
15708,5.923
15709,4.806
15710,6.506
15711,4.424
15712,4.809
15713,5.783
15714,4.342
15715,4.407
15716,4.362
15717,5.605
15718,5.71
15719,5.895
15720,5.989
15721,4.942
15722,3.372
15723,6.039
15724,3.397
15725,5.443
15726,6.02
15727,3.655
15728,8.402
15729,6.128
15730,4.476
15731,6.079
15732,5.505
15733,4.81
15734,3.103
15735,5.885
15736,5.963
15737,3.892
15738,5.377
15739,4.297
15740,5.608
15741,3.033
15742,5.668
15743,4.195
15744,6.015
15745,3.774
15746,3.557
15747,6.801
15748,5.773
15749,5.967
15750,4.455
15751,2.856
15752,5.843
15753,4.756
15754,5.873
15755,5.486
15756,6.32
15757,2.998
15758,4.268
15759,4.688
15760,4.832
15761,5.648
15762,2.813
15763,4.615
15764,5.775
15765,5.646
15766,3.261
15767,5.964
15768,5.822
15769,3.913
15770,5.844
15771,3.794
15772,5.784
15773,4.765
15774,2.919
15775,4.382
15776,3.846
15777,2.68
15778,3.184
15779,3.289
15780,5.671
15781,5.969
15782,5.768
15783,6.162
15784,4.116
15785,4.963
15786,5.985
15787,6.613
15788,2.663
15789,4.031
15790,2.796
15791,5.472
15792,5.56
15793,5.351
15794,2.758
15795,3.632
15796,5.299
15797,5.733
15798,5.545
15799,3.59
15800,3.762
15801,5.904
15802,5.989
15803,5.612
15804,3.128
15805,5.89
15806,4.645
15807,5.806
15808,6.306
15809,5.255
15810,5.724
15811,6.232
15812,2.687
15813,5.516
15814,5.524
15815,3.654
15816,3.182
15817,4.983
15818,5.855
15819,5.206
15820,3.921
15821,3.193
15822,3.569
15823,2.898
15824,3.963
15825,3.752
15826,5.956
15827,5.705
15828,4.86
15829,3.477
15830,5.028
15831,5.588
15832,5.288
15833,5.619
15834,4.058
15835,6.269
15836,5.785
15837,5.201
15838,5.95
15839,6.122
15840,6.001
15841,4.17
15842,2.737
15843,5.331
15844,5.787
15845,4.594
15846,5.308
15847,3.123
15848,3.072
15849,5.094
15850,5.301
15851,6.638
15852,5.511
15853,5.968
15854,5.077
15855,5.674
15856,4.331
15857,2.632
15858,5.635
15859,5.244
15860,4.115
15861,2.825
15862,5.269
15863,4.708
15864,5.439
15865,4.368
15866,5.87
15867,4.473
15868,3.788
15869,3.364
15870,5.17
15871,2.773
15872,5.934
15873,5.482
15874,3.18
15875,5.798
15876,5.45
15877,4.929
15878,4.762
15879,2.556
15880,3.231
15881,3.504
15882,5.082
15883,5.327
15884,6.022
15885,5.543
15886,5.772
15887,3.628
15888,5.937
15889,4.697
15890,4.226
15891,3.768
15892,5.051
15893,3.377
15894,5.906
15895,4.429
15896,5.173
15897,5.975
15898,5.569
15899,4.94
15900,5.729
15901,3.671
15902,5.73
15903,5.278
15904,2.667
15905,6.109
15906,5.695
15907,5.697
15908,5.747
15909,5.682
15910,5.629
15911,6.837
15912,2.729
15913,5.702
15914,2.696
15915,4.371
15916,4.913
15917,3.408
15918,2.501
15919,3.781
15920,5.005
15921,4.322
15922,5.671
15923,5.04
15924,4.152
15925,3.193
15926,2.593
15927,4.627
15928,4.409
15929,3.725
15930,5.721
15931,6.127
15932,4.057
15933,3.057
15934,2.453
15935,3.151
15936,3.01
15937,6.5
15938,5.745
15939,5.457
15940,4.329
15941,2.706
15942,4.847
15943,5.314
15944,5.577
15945,5.517
15946,5.786
15947,5.963
15948,3.525
15949,5.483
15950,2.159
15951,4.747
15952,4.116
15953,5.631
15954,5.67
15955,2.615
15956,5.92
15957,4.76
15958,5.913
15959,4.414
15960,6.095
15961,4.085
15962,5.75
15963,5.88
15964,5.539
15965,5.804
15966,2.574
15967,4.719
15968,4.708
15969,5.164
15970,4.036
15971,5.107
15972,6.52
15973,2.86
15974,5.985
15975,5.033
15976,5.898
15977,5.915
15978,4.13
15979,5.668
15980,3.556
15981,5.113
15982,4.417
15983,4.86
15984,5.656
15985,8.033
15986,2.6
15987,3.881
15988,2.759
15989,4.483
15990,3.981
15991,5.928
15992,4.551
15993,3.724
15994,5.702
15995,5.538
15996,3.935
15997,5.868
15998,5.612
15999,3.723
16000,5.724
16001,4.316
16002,6.083
16003,4.962
16004,3.436
16005,5.316
16006,4.304
16007,3.612
16008,5.085
16009,4.897
16010,2.677
16011,4.776
16012,2.935
16013,4.702
16014,5.714
16015,5.038
16016,4.361
16017,4.523
16018,5.889
16019,3.182
16020,5.657
16021,6.156
16022,3.601
16023,5.956
16024,5.623
16025,2.57
16026,3.947
16027,6.005
16028,5.586
16029,3.335
16030,3.565
16031,5.809
16032,3.282
16033,2.729
16034,5.798
16035,5.575
16036,4.796
16037,6.16
16038,6.007
16039,3.52
16040,5.251
16041,4.176
16042,5.786
16043,6.189
16044,5.642
16045,5.946
16046,6.37
16047,5.877
16048,2.873
16049,4.709
16050,2.891
16051,5.037
16052,2.877
16053,4.692
16054,3.223
16055,2.991
16056,4.958
16057,6.018
16058,5.799
16059,2.923
16060,2.721
16061,5.137
16062,2.913
16063,2.615
16064,5.429
16065,6.149
16066,6.517
16067,5.706
16068,4.848
16069,3.074
16070,5.854
16071,5.911
16072,4.537
16073,2.35
16074,2.996
16075,4.952
16076,5.913
16077,5.124
16078,3.774
16079,5.213
16080,5.85
16081,4.314
16082,5.807
16083,2.752
16084,3.749
16085,4.939
16086,5.416
16087,3.794
16088,3.654
16089,2.769
16090,5.701
16091,5.671
16092,4.251
16093,5.571
16094,2.817
16095,6.567
16096,6.183
16097,4.614
16098,4.628
16099,3.233
16100,2.963
16101,3.413
16102,2.79
16103,5.511
16104,4.83
16105,5.003
16106,5.509
16107,5.097
16108,5.867
16109,4.83
16110,5.621
16111,6.379
16112,5.758
16113,5.93
16114,2.727
16115,2.838
16116,6.076
16117,5.501
16118,2.934
16119,5.174
16120,6.135
16121,4.783
16122,5.626
16123,4.826
16124,4.72
16125,5.411
16126,3.074
16127,4.725
16128,3.097
16129,4.917
16130,4.305
16131,5.535
16132,5.773
16133,5.371
16134,4.653
16135,5.976
16136,5.987
16137,5.409
16138,5.699
16139,5.933
16140,5.685
16141,2.688
16142,5.676
16143,5.585
16144,2.863
16145,6.045
16146,6.194
16147,5.725
16148,4.721
16149,2.341
16150,4.928
16151,3.854
16152,4.422
16153,3.38
16154,3.419
16155,4.534
16156,4.141
16157,5.938
16158,6.05
16159,6.104
16160,4.897
16161,4.877
16162,5.738
16163,5.18
16164,2.826
16165,5.765
16166,5.227
16167,6.523
16168,4.268
16169,3.365
16170,5.792
16171,3.6
16172,5.688
16173,5.76
16174,5.8
16175,5.596
16176,3.7
16177,5.553
16178,2.937
16179,2.529
16180,6.026
16181,6.486
16182,5.391
16183,5.744
16184,5.778
16185,5.238
16186,3.26
16187,5.318
16188,3.668
16189,5.917
16190,6.029
16191,4.15
16192,4.02
16193,6.246
16194,4.337
16195,4.518
16196,4.786
16197,5.389
16198,5.944
16199,5.442
16200,6.035
16201,5.652
16202,5.68
16203,6.52
16204,3.115
16205,3.645
16206,5.336
16207,2.683
16208,4.373
16209,5.084
16210,2.517
16211,5.128
16212,5.537
16213,4.379
16214,6.255
16215,3.147
16216,6.038
16217,6.024
16218,3.382
16219,5.596
16220,5.689
16221,5.67
16222,2.99
16223,4.094
16224,6.241
16225,5.863
16226,5.24
16227,3.554
16228,5.726
16229,5.895
16230,3.868
16231,2.927
16232,5.896
16233,5.89
16234,6.12
16235,5.255
16236,2.788
16237,6.063
16238,5.822
16239,5.299
16240,5.518
16241,4.172
16242,2.726
16243,6.503
16244,5.751
16245,3.843
16246,5.232
16247,3.995
16248,3.421
16249,5.943
16250,4.072
16251,4.102
16252,4.642
16253,5.764
16254,3.944
16255,5.58
16256,2.758
16257,2.965
16258,4.29
16259,3.972
16260,5.59
16261,5.903
16262,4.167
16263,2.398
16264,4.588
16265,5.736
16266,4.099
16267,5.342
16268,3.327
16269,3.97
16270,3.868
16271,5.373
16272,4.568
16273,5.414
16274,4.609
16275,5.231
16276,5.463
16277,5.244
16278,5.137
16279,3.149
16280,2.886
16281,5.011
16282,4.354
16283,4.07
16284,2.887
16285,4.92
16286,6.129
16287,3.016
16288,5.955
16289,4.357
16290,2.611
16291,5.659
16292,5.773
16293,5.41
16294,4.677
16295,5.448
16296,5.882
16297,2.992
16298,5.893
16299,5.681
16300,2.782
16301,3.972
16302,5.995
16303,3.668
16304,2.515
16305,2.812
16306,4.252
16307,2.538
16308,3.276
16309,2.8
16310,2.701
16311,5.721
16312,5.371
16313,4.203
16314,2.81
16315,5.248
16316,3.522
16317,5.464
16318,5.813
16319,4.101
16320,4.464
16321,5.475
16322,5.405
16323,5.679
16324,5.475
16325,3.874
16326,2.619
16327,3.338
16328,5.624
16329,6.034
16330,5.685
16331,5.915
16332,5.385
16333,3.221
16334,4.366
16335,4.843
16336,5.736
16337,5.755
16338,4.14
16339,3.794
16340,6.118
16341,5.709
16342,5.65
16343,4.054
16344,5.398
16345,5.954
16346,5.177
16347,5.257
16348,2.961
16349,2.678
16350,4.098
16351,5.189
16352,4.563
16353,5.787
16354,5.614
16355,3.684
16356,5.744
16357,2.613
16358,4.91
16359,5.813
16360,5.332
16361,3.403
16362,5.647
16363,4.711
16364,4.689
16365,5.699
16366,3.489
16367,4.056
16368,5.687
16369,2.737
16370,5.973
16371,4.335
16372,5.32
16373,2.462
16374,5.355
16375,5.128
16376,5.832
16377,5.861
16378,5.545
16379,5.616
16380,4.438
16381,5.896
16382,5.021
16383,3.725
16384,3.869
16385,5.772
16386,3.956
16387,5.979
16388,4.531
16389,2.769
16390,5.677
16391,4.014
16392,6.101
16393,5.953
16394,2.762
16395,2.562
16396,3.971
16397,4.751
16398,3.354
16399,5.947
16400,3.264
16401,5.882
16402,4.341
16403,4.95
16404,4.13
16405,6.103
16406,2.828
16407,3.974
16408,5.72
16409,4.899
16410,4.937
16411,6.032
16412,3.529
16413,5.101
16414,3.521
16415,5.628
16416,6.012
16417,5.793
16418,5.132
16419,3.483
16420,5.894
16421,3.588
16422,4.716
16423,5.585
16424,5.916
16425,2.99
16426,4.709
16427,5.893
16428,3.157
16429,3.425
16430,5.911
16431,3.208
16432,5.804
16433,6.268
16434,5.587
16435,2.747
16436,2.639
16437,6.055
16438,5.913
16439,6.006
16440,6.389
16441,2.824
16442,6.497
16443,3.328
16444,5.216
16445,5.304
16446,3.833
16447,6.015
16448,5.764
16449,3.642
16450,2.8
16451,2.33
16452,5.637
16453,3.119
16454,5.392
16455,3.194
16456,4.737
16457,4.901
16458,6.07
16459,4.253
16460,5.857
16461,3.831
16462,2.785
16463,5.973
16464,5.37
16465,3.594
16466,4.306
16467,5.885
16468,4.271
16469,2.804
16470,3.008
16471,5.468
16472,5.941
16473,5.354
16474,4.647
16475,3.475
16476,4.981
16477,5.29
16478,5.533
16479,5.52
16480,3.035
16481,3.995
16482,5.955
16483,5.402
16484,5.819
16485,5.719
16486,5.852
16487,5.521
16488,6.108
16489,4.971
16490,2.502
16491,6.244
16492,6.085
16493,5.141
16494,5.939
16495,3.627
16496,2.778
16497,5.419
16498,3.938
16499,5.752
16500,3.553
16501,4.94
16502,5.067
16503,5.439
16504,3.666
16505,6.03
16506,5.957
16507,5.56
16508,5.773
16509,5.347
16510,6.21
16511,3.51
16512,6.266
16513,3.358
16514,5.29
16515,2.956
16516,4.008
16517,4.06
16518,5.906
16519,3.974
16520,5.127
16521,4.048
16522,5.382
16523,5.53
16524,4.849
16525,5.516
16526,5.274
16527,5.798
16528,2.689
16529,5.618
16530,4.619
16531,3.131
16532,3.087
16533,5.838
16534,5.616
16535,4.095
16536,4.761
16537,5.64
16538,6.03
16539,5.896
16540,5.82
16541,5.93
16542,5.873
16543,2.673
16544,6.001
16545,3.272
16546,5.412
16547,5.328
16548,5.646
16549,5.18
16550,5.855
16551,3.042
16552,5.214
16553,6.028
16554,5.826
16555,2.981
16556,3.679
16557,3.713
16558,5.972
16559,2.799
16560,3.39
16561,4.017
16562,3.566
16563,3.154
16564,3.531
16565,5.625
16566,5.693
16567,5.154
16568,4.842
16569,3.123
16570,6.488
16571,5.618
16572,4.186
16573,6.045
16574,2.098
16575,5.93
16576,6.124
16577,5.898
16578,3.882
16579,3.893
16580,2.773
16581,5.613
16582,3.444
16583,3.272
16584,3.434
16585,5.564
16586,5.02
16587,5.584
16588,5.561
16589,4.536
16590,5.989
16591,3.881
16592,4.251
16593,5.594
16594,4.953
16595,3.49
16596,4.65
16597,2.485
16598,5.254
16599,5.259
16600,2.947
16601,3.216
16602,5.706
16603,6.255
16604,4.967
16605,5.74
16606,5.698
16607,5.587
16608,5.696
16609,3.278
16610,5.362
16611,4.934
16612,2.956
16613,5.695
16614,2.172
16615,2.455
16616,5.644
16617,3.83
16618,5.604
16619,2.666
16620,2.957
16621,4.369
16622,5.879
16623,5.512
16624,5.342
16625,3.77
16626,4.847
16627,5.967
16628,4.761
16629,5.863
16630,6.354
16631,4.022
16632,3.522
16633,2.798
16634,5.707
16635,5.665
16636,5.775
16637,5.624
16638,5.85
16639,5.855
16640,5.243
16641,3.881
16642,6.259
16643,4.845
16644,5.849
16645,5.753
16646,5.666
16647,5.537
16648,3.355
16649,3.094
16650,4.862
16651,6.445
16652,2.926
16653,4.713
16654,5.667
16655,3.802
16656,2.561
16657,2.614
16658,6.258
16659,5.567
16660,5.321
16661,4.278
16662,4.894
16663,3.012
16664,3.408
16665,5.569
16666,4.09
16667,5.881
16668,5.807
16669,6.062
16670,3.571
16671,3.373
16672,2.735
16673,4.435
16674,3.638
16675,4.702
16676,4.596
16677,6.085
16678,5.061
16679,5.578
16680,5.827
16681,5.809
16682,5.291
16683,3.788
16684,4.594
16685,3.188
16686,4.524
16687,5.496
16688,5.534
16689,5.801
16690,5.844
16691,3.58
16692,3.453
16693,5.67
16694,4.642
16695,4.868
16696,3.658
16697,3.546
16698,5.886
16699,6.096
16700,5.754
16701,5.749
16702,5.522
16703,5.296
16704,5.697
16705,3.231
16706,4.941
16707,5.781
16708,3.411
16709,3.142
16710,5.95
16711,5.608
16712,5.736
16713,5.199
16714,3.252
16715,4.28
16716,4.019
16717,4.348
16718,5.793
16719,5.581
16720,5.716
16721,4.659
16722,5.885
16723,5.739
16724,5.891
16725,3.548
16726,6.004
16727,5.918
16728,5.757
16729,5.382
16730,5.997
16731,3.199
16732,5.767
16733,5.661
16734,4.183
16735,5.083
16736,5.79
16737,3.491
16738,2.752
16739,5.912
16740,2.549
16741,5.621
16742,4.876
16743,5.601
16744,4.137
16745,5.159
16746,2.657
16747,2.565
16748,5.858
16749,5.696
16750,5.716
16751,3.567
16752,4.941
16753,5.981
16754,4.75
16755,5.283
16756,5.952
16757,5.948
16758,3.014
16759,4.639
16760,2.871
16761,3.027
16762,4.926
16763,5.86
16764,4.066
16765,2.662
16766,5.512
16767,5.901
16768,2.817
16769,4.406
16770,3.711
16771,3.771
16772,4.403
16773,5.991
16774,5.898
16775,4.593
16776,4.468
16777,5.004
16778,4.068
16779,5.733
16780,5.696
16781,5.379
16782,2.495
16783,5.055
16784,5.545
16785,5.405
16786,2.55
16787,5.524
16788,4.527
16789,3.155
16790,3.495
16791,5.582
16792,2.504
16793,3.531
16794,5.411
16795,5.839
16796,3.297
16797,5.633
16798,4.96
16799,5.128
16800,2.835
16801,5.847
16802,5.021
16803,4.022
16804,4.298
16805,4.929
16806,5.893
16807,3.469
16808,5.362
16809,5.635
16810,5.461
16811,4.577
16812,5.873
16813,5.662
16814,2.948
16815,3.28
16816,5.883
16817,4.695
16818,5.726
16819,4.267
16820,5.379
16821,4.51
16822,5.118
16823,4.198
16824,4.877
16825,5.875
16826,5.528
16827,4.665
16828,3.48
16829,3.712
16830,5.857
16831,5.069
16832,3.156
16833,5.612
16834,3.829
16835,4.197
16836,5.496
16837,3.032
16838,3.913
16839,5.196
16840,3.481
16841,6.014
16842,5.526
16843,5.688
16844,5.571
16845,5.79
16846,3.447
16847,4.75
16848,5.996
16849,4.815
16850,5.916
16851,5.075
16852,4.178
16853,2.803
16854,3.357
16855,2.96
16856,5.919
16857,6.045
16858,5.958
16859,2.799
16860,2.783
16861,2.21
16862,5.784
16863,3.702
16864,5.119
16865,5.774
16866,2.748
16867,3.532
16868,5.988
16869,5.81
16870,5.509
16871,2.677
16872,4.474
16873,4.359
16874,5.859
16875,4.396
16876,6.015
16877,4.87
16878,4.916
16879,3.738
16880,6.001
16881,7.299
16882,4.825
16883,5.874
16884,2.928
16885,5.861
16886,5.11
16887,4.426
16888,5.905
16889,5.815
16890,5.832
16891,5.317
16892,4.275
16893,4.745
16894,3.891
16895,2.89
16896,5.873
16897,6.011
16898,3.187
16899,3.146
16900,5.692
16901,5.529
16902,4.751
16903,3.023
16904,4.501
16905,3.859
16906,5.712
16907,5.517
16908,3.708
16909,4.795
16910,2.106
16911,3.113
16912,4.566
16913,5.022
16914,6.235
16915,5.58
16916,4.029
16917,5.583
16918,5.654
16919,4.511
16920,4.122
16921,2.932
16922,5.878
16923,5.15
16924,5.676
16925,6.029
16926,3.256
16927,4.746
16928,3.764
16929,5.978
16930,3.904
16931,5.453
16932,4.922
16933,5.7
16934,5.25
16935,5.939
16936,5.079
16937,6.412
16938,5.407
16939,5.599
16940,5.317
16941,5.746
16942,5.339
16943,3.077
16944,5.954
16945,5.985
16946,5.74
16947,5.525
16948,5.933
16949,3.555
16950,4.045
16951,5.307
16952,3.81
16953,2.923
16954,4.25
16955,5.841
16956,5.874
16957,3.877
16958,2.726
16959,4.382
16960,5.157
16961,4.866
16962,4.032
16963,5.58
16964,2.615
16965,6.456
16966,5.382
16967,4.978
16968,4.718
16969,6.039
16970,5.88
16971,4.955
16972,5.803
16973,5.943
16974,4.476
16975,5.21
16976,2.558
16977,5.717
16978,3.102
16979,5.932
16980,4.835
16981,2.714
16982,5.861
16983,6.583
16984,3.817
16985,5.321
16986,5.666
16987,4.348
16988,3.248
16989,3.398
16990,5.639
16991,2.983
16992,5.256
16993,5.94
16994,5.713
16995,5.958
16996,5.276
16997,4.265
16998,8.514
16999,5.88
17000,3.03
17001,4.625
17002,5.825
17003,4.09
17004,5.771
17005,3.482
17006,4.437
17007,3.222
17008,2.682
17009,5.575
17010,5.509
17011,4.875
17012,3.068
17013,3.637
17014,5.154
17015,4.771
17016,5.822
17017,5.053
17018,4.189
17019,5.081
17020,5.93
17021,5.785
17022,5.849
17023,4.187
17024,5.948
17025,5.976
17026,2.538
17027,2.76
17028,3.819
17029,5.749
17030,3.978
17031,4.815
17032,4.884
17033,4.867
17034,3.058
17035,5.574
17036,5.666
17037,3.725
17038,5.439
17039,3.668
17040,3.187
17041,5.808
17042,5.879
17043,6.01
17044,2.916
17045,2.819
17046,6.274
17047,5.812
17048,3.006
17049,4.673
17050,6.07
17051,6.06
17052,5.583
17053,3.521
17054,6.01
17055,6.014
17056,5.882
17057,5.594
17058,2.729
17059,3.131
17060,6.153
17061,5.931
17062,4.096
17063,6.401
17064,5.241
17065,3.489
17066,2.467
17067,5.335
17068,4.595
17069,2.725
17070,5.798
17071,5.037
17072,5.483
17073,5.388
17074,5.944
17075,5.371
17076,5.415
17077,3.736
17078,4.299
17079,6.427
17080,4.125
17081,5.541
17082,4.475
17083,3.462
17084,3.797
17085,3.482
17086,2.641
17087,5.634
17088,4.513
17089,2.433
17090,5.946
17091,4.639
17092,4.325
17093,3.359
17094,5.768
17095,3.864
17096,3.203
17097,5.392
17098,5.415
17099,3.147
17100,2.454
17101,3.106
17102,5.455
17103,5.837
17104,2.972
17105,3.639
17106,4.79
17107,3.273
17108,4.786
17109,6.52
17110,5.325
17111,3.425
17112,5.19
17113,4.76
17114,4.622
17115,5.346
17116,5.62
17117,3.272
17118,5.736
17119,3.986
17120,5.583
17121,4.009
17122,3.241
17123,6.283
17124,5.621
17125,3.186
17126,5.455
17127,3.403
17128,5.597
17129,4.016
17130,3.563
17131,6.086
17132,5.773
17133,5.652
17134,5.687
17135,5.24
17136,3.868
17137,2.577
17138,3.454
17139,3.866
17140,2.972
17141,5.663
17142,4.561
17143,5.452
17144,4.844
17145,4.39
17146,5.969
17147,5.53
17148,4.688
17149,4.07
17150,5.754
17151,4.44
17152,5.182
17153,3.94
17154,2.803
17155,5.811
17156,5.242
17157,2.934
17158,5.39
17159,2.134
17160,5.787
17161,2.542
17162,6.038
17163,6.018
17164,4.647
17165,5.75
17166,5.592
17167,5.277
17168,5.886
17169,5.468
17170,4.853
17171,5.488
17172,5.43
17173,3.16
17174,3.064
17175,4.735
17176,4.137
17177,5.914
17178,4.435
17179,3.288
17180,4.954
17181,5.319
17182,3.529
17183,5.687
17184,5.652
17185,6.124
17186,5.901
17187,5.3
17188,5.588
17189,5.86
17190,5.242
17191,3.866
17192,5.901
17193,5.405
17194,5.529
17195,3.776
17196,2.753
17197,6.368
17198,4.013
17199,5.356
17200,5.847
17201,3.734
17202,5.655
17203,2.796
17204,5.969
17205,4.721
17206,5.82
17207,5.821
17208,5.916
17209,2.546
17210,5.21
17211,2.896
17212,5.612
17213,2.351
17214,3.687
17215,5.793
17216,5.938
17217,3.943
17218,4.496
17219,5.98
17220,5.295
17221,3.63
17222,3.922
17223,3.301
17224,2.154
17225,3.056
17226,5.802
17227,3.526
17228,6.115
17229,3.267
17230,3.501
17231,5.255
17232,5.986
17233,2.794
17234,4.79
17235,2.621
17236,3.718
17237,5.34
17238,4.478
17239,2.563
17240,5.973
17241,4.839
17242,6.569
17243,5.507
17244,2.732
17245,4.848
17246,5.808
17247,4.662
17248,5.925
17249,2.719
17250,3.884
17251,5.585
17252,5.837
17253,4.13
17254,5.862
17255,6.14
17256,6.51
17257,5.99
17258,4.734
17259,5.653
17260,4.71
17261,5.74
17262,5.489
17263,5.918
17264,6.035
17265,5.701
17266,5.599
17267,4.659
17268,5.622
17269,4.646
17270,3.947
17271,6.091
17272,3.444
17273,3.5
17274,5.897
17275,2.946
17276,6.35
17277,6.114
17278,3.177
17279,3.853
17280,4.092
17281,5.446
17282,4.373
17283,5.715
17284,2.367
17285,4.281
17286,5.773
17287,4.515
17288,3.685
17289,5.421
17290,2.778
17291,5.384
17292,6.037
17293,5.935
17294,4.044
17295,5.57
17296,3.348
17297,5.558
17298,4.075
17299,3.189
17300,5.843
17301,5.282
17302,5.913
17303,4.77
17304,5.35
17305,5.898
17306,5.217
17307,3.894
17308,5.734
17309,5.711
17310,4.232
17311,3.065
17312,5.608
17313,5.712
17314,5.727
17315,3.813
17316,5.381
17317,2.848
17318,5.862
17319,5.887
17320,2.402
17321,6.34
17322,4.186
17323,5.104
17324,5.842
17325,5.893
17326,3.8
17327,5.9
17328,5.627
17329,4.77
17330,3.121
17331,5.452
17332,5.023
17333,5.858
17334,5.816
17335,2.688
17336,4.774
17337,5.666
17338,4.285
17339,6.55
17340,2.173
17341,5.772
17342,4.326
17343,5.467
17344,4.215
17345,3.153
